SMILES,logP,fold_0,fold_1,fold_2,fold_3,fold_4
CCCCC,-3.18,train,train,val,train,train
C1CCCC1,-2.64,train,train,train,train,val
CCCCCC,-3.84,train,val,train,train,train
CCCC(C)C,-3.74,train,val,train,train,train
CCC(C)(C)C,-3.55,train,train,train,val,train
C1CCCCC1,-3.1,train,val,train,train,train
C1CCCC1C,-3.3,train,val,train,train,train
CCCCCCC,-4.53,train,train,val,train,train
C1CCCCC1C,-3.85,train,train,train,train,val
CCCCCCCC,-5.24,train,train,val,train,train
C1CCCCCC1,-3.52,val,train,train,train,train
C1CCCCCCC1,-4.15,train,train,train,val,train
CCC=CC,-2.54,train,val,train,train,train
C1CC=CC1,-2.1,train,train,train,train,val
CCCCC=C,-3.23,train,train,train,train,val
CC(C)CC=C,-3.24,train,train,train,val,train
CCCCC=CC,-3.82,train,train,train,train,val
C1CC=C(C)CC1,-3.27,train,train,train,val,train
CCCCCCC=C,-4.44,train,train,val,train,train
CCCCCCCC=C,-5.05,train,train,train,val,train
C=CCCC=C,-2.68,train,train,train,train,val
C=C(C)C=C,-2.03,train,train,train,train,val
C=CC=C,-1.87,train,train,train,val,train
C1C=CCC=C1,-1.97,val,train,train,train,train
C(=CCC(C(=C)C)C1)(C1)C,-4.0,train,train,val,train,train
CCCC#C,-1.64,train,val,train,train,train
CCCCC#C,-2.36,train,train,train,train,val
CCCCCC#C,-3.01,train,val,train,train,train
CCCCCCCC#C,-4.24,train,train,val,train,train
c1ccccc1,-1.64,val,train,train,train,train
c1ccccc1C,-2.21,train,val,train,train,train
c1cccc(C)c1C,-2.8,val,train,train,train,train
c1cc(C)ccc1C,-2.77,val,train,train,train,train
c1ccc(C)cc1C,-2.82,train,train,val,train,train
c1ccccc1CCC,-3.37,train,train,train,train,val
c1cc(C)cc(C)c1C,-3.31,train,train,train,val,train
c1ccc(C)c(C)c1C,-3.2,train,train,train,val,train
c1cccc(C)c1CC,-3.21,train,train,train,train,val
c1cc(C)ccc1CC,-3.11,train,train,train,val,train
c1ccccc1C(C)C,-3.27,train,val,train,train,train
c1ccccc1CCCC,-4.06,train,train,train,train,val
c1cc(CC)ccc1CC,-3.75,train,train,val,train,train
c1cc(C)ccc1C(C)C,-3.77,train,train,train,val,train
c1ccccc1C(C)(C)C,-3.66,val,train,train,train,train
c1ccccc1C(C)CC,-3.89,val,train,train,train,train
c1c(C)c(C)c(C)c(C)c1C,-4.0,train,val,train,train,train
c1ccccc1CCCCC,-4.64,train,train,train,val,train
c1ccccc1C(CC)(C)C,-4.15,train,val,train,train,train
c1ccccc1C=C,-2.82,val,train,train,train,train
c1ccccc1c2ccccc2,-4.31,val,train,train,train,train
c1ccccc1Cc2ccccc2,-4.17,train,train,train,val,train
c(c(c(c1ccc2)c2)ccc3)(c3)C1,-4.91,val,train,train,train,train
c1ccc2c3ccccc3Cc2c1C,-5.22,train,train,train,val,train
c1ccc2ccccc2c1,-3.6,train,train,train,train,val
Cc1ccc2ccccc2c1,-3.77,val,train,train,train,train
c1ccc2ccccc2c1C,-3.7,train,val,train,train,train
CCc1ccc2ccccc2c1,-4.29,val,train,train,train,train
c1ccc2c(C)cccc2c1C,-4.74,train,train,train,val,train
Cc1c(C)cc2ccccc2c1,-4.72,val,train,train,train,train
c1ccc2cccc3c2c1C=C3,-3.96,train,val,train,train,train
c1cc(C)c2ccccc2c1C,-4.14,train,train,val,train,train
Cc1ccc2cc(C)ccc2c1,-4.89,train,train,val,train,train
c1ccc2cccc3c2c1CC3,-4.63,train,train,val,train,train
c1cc(C)c2c(C)cccc2c1C,-4.92,val,train,train,train,train
c(c(c(c(c1)ccc2)c2)ccc3)(c1)c3,-5.26,train,train,train,train,val
c(c(c(c(c1ccc2)c2)C)ccc3)(c3)c1,-5.89,val,train,train,train,train
Cc1cc2cc3ccccc3cc2cc1,-6.96,train,val,train,train,train
c(c(c(cc1)ccc2)c2cc3)(c1ccc4)c34,-6.19,train,val,train,train,train
c(c(ccc1)ccc2)(c1c(c3ccc4)c4)c23,-6.0,train,train,train,val,train
c1c(CC3)c2c(C3)ccc(CC4)c2c(C4)c1,-5.96,train,train,val,train,train
C3c1ccccc1c4ccc2ccccc2c34,-6.68,val,train,train,train,train
c1ccc2c3cc4ccccc4cc3Cc2c1,-8.04,train,train,val,train,train
c1ccc2c3ccccc3c4ccccc4c2c1,-6.74,train,val,train,train,train
c(c(c(cc1)ccc2)c2cc3)(c3cc(c4ccc5)c5)c14,-8.19,train,train,val,train,train
c(c(c(c(c1)ccc2)c2)c(c(c3ccc4)c4)C)(c3C)c1,-7.02,train,train,train,val,train
c1ccc2c(c1)c4cccc5ccc3cccc2c3c45,-7.8,train,train,train,val,train
c(c(ccc1)ccc2)(c1c(c(c(cc3)ccc4)c45)c3)c25,-8.8,val,train,train,train,train
c16cccc2ccc3ccc4ccc5cccc6c5c4c3c12,-9.03,train,train,val,train,train
s(c(c(c1cccc2)ccc3)c3)c12,-4.38,val,train,train,train,train
Nc3ccc2cc1ccccc1cc2c3,-5.17,train,train,val,train,train
c1cc2cc3cc(CC)ccc3cc2cc1,-6.89,train,train,val,train,train
c12ccccc1cc3c4ccccc4c5c3c2ccc5,-8.23,val,train,train,train,train
c1ccc4c(c1)ccc5c2cccc3cccc(c23)c45,-8.0,train,train,val,train,train
c2ccc1cc3c(cc1c2)c4cccc5cccc3c45,-8.49,train,val,train,train,train
c(c(c(c(c1)ccc2)c2)cc(c3c(c(c4)ccc5)c5)c4)(c1)c3,-8.66,train,train,val,train,train
CI,-1.0,train,train,train,val,train
ClCCl,-0.63,val,train,train,train,train
BrCCl,-0.89,train,train,train,train,val
ClC(Cl)Cl,-1.17,train,val,train,train,train
ClC(Br)Cl,-1.54,train,train,train,val,train
ClC(Br)Br,-1.9,train,train,val,train,train
BrC(Br)Br,-1.91,train,train,train,train,val
BrC(Br)(Br)Br,-3.14,train,train,val,train,train
CCBr,-1.09,train,train,train,val,train
CCI,-1.6,train,train,val,train,train
ClC(Cl)C,-1.29,train,train,train,train,val
ClCCBr,-1.32,train,val,train,train,train
BrCCBr,-1.68,train,train,val,train,train
ClC(Cl)(Cl)C,-2.0,train,train,train,train,val
ClC(Cl)CCl,-1.48,train,train,train,val,train
ClC(Cl)(Cl)CCl,-2.18,train,val,train,train,train
ClC(Cl)(Cl)C(Cl)Cl,-2.6,val,train,train,train,train
ClC(Cl)(F)C(F)(F)Cl,-3.04,train,train,train,val,train
ClC(Cl)(Cl)C(Cl)(Cl)Cl,-3.67,train,train,train,train,val
CC(Cl)C,-1.41,train,train,val,train,train
CCCBr,-1.73,train,train,train,val,train
CC(Br)C,-1.59,train,val,train,train,train
CCCI,-2.29,val,train,train,train,train
ClCCCCl,-1.62,train,train,val,train,train
ClCC(Cl)C,-1.6,val,train,train,train,train
BrCCCCl,-1.85,train,train,val,train,train
BrCCCBr,-2.08,train,val,train,train,train
BrCC(Br)CCl,-2.38,train,train,train,train,val
ClCC(Cl)CCl,-1.92,val,train,train,train,train
CCCCCl,-2.03,train,train,train,val,train
CC(Cl)CC,-1.96,train,train,train,val,train
ICCCC,-2.96,train,train,train,val,train
CC(C)CCl,-2.0,train,train,train,val,train
CC(C)CBr,-2.43,train,train,val,train,train
ClC(Cl)CCC,-2.4,train,train,train,val,train
CCCCCCl,-2.73,train,val,train,train,train
CC(Cl)CCC,-2.63,train,train,train,train,val
CCC(Cl)CC,-2.63,train,train,train,train,val
CC(C)(Cl)CC,-2.51,val,train,train,train,train
CC(C)(Cl)C(Cl)C,-2.69,train,train,train,val,train
CCCCCCCl,-3.12,train,train,val,train,train
CCCCCBr,-3.07,train,train,train,val,train
CCCCCCBr,-3.81,train,train,train,val,train
C1CCCCC1Br,-2.3,val,train,train,train,train
FC(F)(F)C(Cl)Br,-1.71,train,val,train,train,train
FC(F)(C(F)(F)Cl)Cl,-3.12,train,train,train,train,val
C(C(C(C(C1Cl)Cl)Cl)Cl)(C1Cl)Cl,-4.59,train,train,val,train,train
CCCCCCCCl,-3.99,train,train,val,train,train
CCCCCCCI,-4.81,train,train,val,train,train
ClC(Cl)=C,-1.64,train,train,train,train,val
ClC=CCl,-1.3,val,train,train,train,train
IC=CI,-3.22,train,val,train,train,train
ClC=C(Cl)Cl,-1.96,train,train,val,train,train
ClC(Cl)=C(Cl)Cl,-2.54,train,val,train,train,train
C=CCCl,-1.36,train,val,train,train,train
ClC2C1OC1C3C2C4(Cl)C(=C(Cl)C3(Cl)C4(Cl)Cl)Cl,-6.29,val,train,train,train,train
ClC3=C(Cl)C4(Cl)C2C1CC(C=C1)C2C3(Cl)C4(Cl)Cl,-7.33,train,val,train,train,train
ClC4=C(Cl)C5(Cl)C3C1CC(C2OC12)C3C4(Cl)C5(Cl)Cl,-6.18,train,train,train,val,train
C=CCBr,-1.5,train,train,train,train,val
C(=C(C(=C1Cl)Cl)Cl)(C1(Cl)Cl)Cl,-5.18,train,train,val,train,train
ClC(=C(C=C(Cl)Cl)Cl)Cl,-4.23,train,train,val,train,train
c1ccccc1F,-1.8,train,train,train,train,val
c1ccccc1Cl,-2.38,val,train,train,train,train
c1cc(I)ccc1F,-3.13,train,train,val,train,train
c1cc(Cl)ccc1Cl,-3.27,train,train,train,val,train
c1cccc(Cl)c1Cl,-3.05,train,train,train,train,val
c1ccc(Cl)cc1Cl,-3.04,train,train,train,train,val
c1ccc(Cl)cc1Br,-3.21,train,train,train,train,val
c1cc(Cl)ccc1Br,-3.63,train,train,train,val,train
c1cc(Br)ccc1Br,-4.07,train,train,train,val,train
c1cccc(Br)c1Br,-3.5,val,train,train,train,train
c1cc(Cl)cc(Cl)c1Cl,-3.59,train,val,train,train,train
c1ccc(Cl)c(Cl)c1Cl,-4.0,train,train,train,train,val
c1c(Cl)cc(Cl)cc1Cl,-4.48,train,val,train,train,train
c1ccc(Br)c(Br)c1Br,-5.04,train,train,train,val,train
c1c(F)cc(F)c(F)c1F,-2.31,train,train,train,train,val
c1c(F)c(F)cc(F)c1F,-2.38,train,train,train,train,val
c1c(Cl)cc(Cl)c(Cl)c1Cl,-4.63,train,train,val,train,train
c1cc(Cl)c(Cl)c(Cl)c1Cl,-4.57,val,train,train,train,train
c1ccccc1I,-2.78,train,train,val,train,train
c1cc(Br)ccc1C,-3.19,train,train,val,train,train
c1cc(F)ccc1CCl,-2.54,train,train,train,train,val
c1cc(F)ccc1F,-1.97,train,train,train,val,train
c1ccc(Br)cc1C,-3.52,val,train,train,train,train
c1cccc(Cl)c1C,-3.52,train,train,val,train,train
c1ccccc1CCl,-2.39,val,train,train,train,train
c1cc(Cl)ccc1C,-3.08,train,val,train,train,train
c1ccccc1c2c(Cl)cccc2,-4.54,train,train,val,train,train
c1ccccc1c2cc(Cl)ccc2,-4.88,train,train,val,train,train
c1cc(Cl)ccc1c2ccc(Cl)cc2,-6.56,val,train,train,train,train
c1cccc(Cl)c1c2c(Cl)cccc2,-5.27,train,train,train,val,train
c1ccc(Cl)cc1c2cc(Cl)ccc2,-5.8,train,train,val,train,train
c1ccccc1c2cc(Cl)c(Cl)cc2,-6.39,train,train,val,train,train
c1ccccc1c2c(Cl)cc(Cl)cc2,-5.25,train,val,train,train,train
c1ccccc1c2c(Cl)cccc2Cl,-5.21,train,train,train,val,train
c1ccccc1c2c(Cl)cc(Cl)c(Cl)c2,-6.27,train,train,train,val,train
c1cc(Cl)ccc1c2c(Cl)ccc(Cl)c2,-6.25,train,train,val,train,train
c1ccccc1c2c(Cl)cc(Cl)cc2Cl,-6.14,train,train,val,train,train
c1ccc(Cl)cc1c2c(Cl)ccc(Cl)c2,-6.01,train,train,val,train,train
c1cc(Cl)ccc1c2c(Cl)c(Cl)ccc2,-6.26,val,train,train,train,train
c1cc(Cl)ccc1c2c(Cl)cc(Cl)cc2,-6.21,train,train,val,train,train
c1ccccc1c2c(Cl)c(Cl)ccc2Cl,-6.29,train,train,train,train,val
c1ccc(Cl)c(Cl)c1c2c(Cl)c(Cl)ccc2,-7.28,train,train,train,train,val
c1cc(Cl)c(Cl)cc1c2c(Cl)cc(Cl)cc2,-7.8,train,train,train,val,train
c1ccc(Cl)c(Cl)c1c2c(Cl)ccc(Cl)c2,-6.47,train,train,train,train,val
c1cc(Cl)cc(Cl)c1c2c(Cl)ccc(Cl)c2,-6.57,train,train,train,val,train
c1c(Cl)ccc(Cl)c1c2c(Cl)ccc(Cl)c2,-7.0,train,train,train,val,train
Clc1cccc(Cl)c1c2c(Cl)cccc2Cl,-7.39,val,train,train,train,train
c1cc(Cl)c(Cl)cc1c2c(Cl)ccc(Cl)c2,-7.25,train,train,val,train,train
c1cc(Cl)cc(Cl)c1c2c(Cl)cc(Cl)cc2,-6.51,train,train,val,train,train
c1cc(Cl)c(Cl)cc1c2c(Cl)c(Cl)c(Cl)cc2,-7.05,train,train,train,val,train
Clc1cccc(Cl)c1c2c(Cl)cc(Cl)cc2Cl,-7.32,val,train,train,train,train
c1cc(Cl)c(Cl)cc1c2c(Cl)cc(Cl)c(Cl)c2,-7.39,train,train,train,train,val
c1c(Cl)c(Cl)c(Cl)c(Cl)c1c2c(Cl)cccc2,-7.21,val,train,train,train,train
Clc1cc(Cl)c(Cl)c(Cl)c1c2c(Cl)cccc2,-7.43,val,train,train,train,train
c1c(Cl)c(Cl)cc(Cl)c1c2c(Cl)cc(Cl)c(Cl)c2,-8.56,train,train,train,train,val
Clc1cc(Cl)c(Cl)cc1c2c(Cl)c(Cl)ccc2Cl,-8.65,train,train,train,train,val
Clc1cc(Cl)c(Cl)cc1c2c(Cl)c(Cl)cc(Cl)c2,-8.6,train,train,train,train,val
c1cc(Cl)c(Cl)c(Cl)c1c2c(Cl)cc(Cl)c(Cl)c2,-8.32,train,train,train,val,train
Clc1c(Cl)cc(Cl)c(Cl)c1c2c(Cl)ccc(Cl)c2,-7.42,train,train,val,train,train
Clc1c(Cl)cc(Cl)cc1c2c(Cl)cc(Cl)cc2Cl,-8.71,train,train,train,train,val
c1cc(Cl)c(Cl)cc1c2c(Cl)c(Cl)c(Cl)c(Cl)c2,-7.82,train,train,train,train,val
c1cc(Cl)c(Cl)cc1c2c(Cl)c(Cl)c(Cl)cc2Cl,-7.66,train,train,train,train,val
c1ccc(Cl)c(Cl)c1c2c(Cl)c(Cl)c(Cl)c(Cl)c2,-8.42,val,train,train,train,train
Clc1cc(Cl)c(Cl)c(Cl)c1c2c(Cl)cc(Cl)c(Cl)c2,-7.92,val,train,train,train,train
c1cc(Cl)c(Cl)c(Cl)c1c2c(Cl)c(Cl)c(Cl)cc2Cl,-8.3,val,train,train,train,train
c1c(Cl)ccc(Cl)c1c2c(Cl)c(Cl)c(Cl)c(Cl)c2Cl,-8.94,train,val,train,train,train
c1c(Cl)c(Cl)c(Cl)c(Cl)c1c2c(Cl)c(Cl)c(Cl)c(Cl)c2,-9.16,train,train,val,train,train
c1c(Cl)c(Cl)c(Cl)c(Cl)c1c2c(Cl)c(Cl)c(Cl)c(Cl)c2Cl,-10.26,train,val,train,train,train
Clc1c(Cl)c(Cl)c(Cl)c(Cl)c1c2c(Cl)c(Cl)cc(Cl)c2Cl,-10.41,train,train,val,train,train
Clc1c(Cl)c(Cl)c(Cl)c(Cl)c1c2c(Cl)c(Cl)c(Cl)c(Cl)c2Cl,-11.62,train,val,train,train,train
ClC(Cl)=C(c1ccc(Cl)cc1)c2ccc(Cl)cc2,-6.9,train,train,train,train,val
c(c(ccc1Cl)ccc2)(c2)c1,-4.14,train,train,train,val,train
c1ccc2ccccc2c1Cl,-3.93,val,train,train,train,train
c1ccc2ccccc2c1Br,-4.35,train,train,train,train,val
CCCCO,0.0,val,train,train,train,train
CCC(O)C,0.43,val,train,train,train,train
OCC(C)C,0.04,train,train,train,val,train
CCCCCO,-0.6,train,train,val,train,train
CCC(O)CC,-0.24,train,val,train,train,train
CC(O)(CC)C,0.08,train,train,train,train,val
CCC(C)CO,-0.47,train,train,val,train,train
OCCC(C)C,-0.52,train,val,train,train,train
OC(C(C)C)C,-0.2,train,train,val,train,train
CCCCCCO,-1.24,train,train,train,train,val
CCC(O)CCC,-0.8,train,train,train,train,val
CC(O)CCCC,-0.89,val,train,train,train,train
CCC(O)C(C)C,-0.7,train,train,val,train,train
OC(CC(C)C)C,-0.8,val,train,train,train,train
OC(CCC)(C)C,-0.49,train,train,val,train,train
OCC(CCC)C,-1.11,train,train,val,train,train
CCC(C)(C)CO,-1.04,train,train,train,val,train
OCCC(C)(C)C,-0.5,train,val,train,train,train
OCC(CC)CC,-1.17,train,train,val,train,train
CC(O)C(C)CC,-0.72,val,train,train,train,train
OC(CC)(CC)C,-0.38,val,train,train,train,train
CC(O)(C)C(C)C,-0.41,train,train,train,train,val
C1CCCCC1O,-0.44,train,val,train,train,train
OCCCCCCC,-1.81,val,train,train,train,train
CCCCC(O)CC,-1.47,val,train,train,train,train
CCCC(O)CCC,-1.4,train,train,train,val,train
CC(O)(C)CC(C)C,-0.92,train,train,train,train,val
OCC(C)(C)CCC,-1.52,val,train,train,train,train
OCCCC(C)(C)C,-1.55,train,train,val,train,train
CC(O)CCC(C)C,-1.38,train,train,val,train,train
CCCCC(O)(C)C,-1.08,train,train,val,train,train
CC(C)(C)C(O)CC,-1.15,train,train,val,train,train
CCC(O)(C)CCC,-1.0,train,train,train,train,val
CC(O)(C)C(C)CC,-0.89,train,train,train,train,val
CC(C)C(C)(O)CC,-0.85,val,train,train,train,train
OC(CC)(CC)CC,-0.85,train,train,train,val,train
OCCCCCCCC,-2.39,train,val,train,train,train
OC(CCCCCC)C,-2.09,train,train,train,val,train
OCC(CCCC)CC,-2.11,train,train,val,train,train
CCCCC(C)C(C)O,-1.72,val,train,train,train,train
CC(C)(C)C(O)(C)CC,-1.27,train,val,train,train,train
CC(O)(C)CCCCC,-1.72,val,train,train,train,train
c1ccccc1CCO,-0.74,train,train,train,train,val
OC(c(cccc1)c1)c(cccc2)c2,-2.55,train,train,train,val,train
OCCCCCCCCCCCC,-4.67,train,train,val,train,train
OCCCc(cccc1)c1,-1.38,val,train,train,train,train
OCCOc(cccc1)c1,-0.71,train,val,train,train,train
OCCCCCCCCC,-3.01,train,train,train,val,train
OC(CCC(C1)C)C1,-0.88,train,train,train,val,train
c1c(Cl)c(CO)c(Cl)cc1,-2.1,train,train,train,train,val
Oc(cccc1)c1,0.0,val,train,train,train,train
Oc(cccc1O)c1,0.81,train,train,train,val,train
c1cc(O)ccc1O,-0.17,train,train,val,train,train
Oc(c(ccc1)C)c1,-0.62,train,val,train,train,train
c1ccccc1CO,-0.4,train,val,train,train,train
c1cc(C)ccc1O,-0.7,val,train,train,train,train
OCc(c(O)ccc1)c1,-0.29,train,train,train,train,val
OC(c1ccccc1)C,-0.92,val,train,train,train,train
c1cc(C)cc(C)c1O,-1.19,train,train,val,train,train
c1c(C)cc(C)cc1O,-1.4,train,train,train,train,val
Oc(ccc(c1)C(C)(C)C)c1,-2.41,train,train,val,train,train
Oc(ccc(c(cccc1)c1)c2)c2,-3.48,train,train,val,train,train
Oc(ccc(c1)C(c(ccc(O)c2)c2)(C)C)c1,-2.82,val,train,train,train,train
Oc(c(c(ccc1)cc2)c1)c2,-2.22,train,train,train,train,val
Oc(c(c(c(O)cc1)cc2)c1)c2,-2.92,train,train,train,val,train
Oc(c(ccc1)CC)c1,-1.36,train,val,train,train,train
Oc(c(c(cccc1)c1)ccc2)c2,-2.39,val,train,train,train,train
CCC=O,0.58,train,train,train,val,train
CCCCC=O,-0.85,train,train,train,train,val
O=CCCCCC,-1.3,val,train,train,train,train
O=CCCCCCC,-1.7,train,val,train,train,train
O=CCCCCCCC,-2.36,train,val,train,train,train
O=CC=C,0.57,train,val,train,train,train
O=CC=CC,0.32,train,train,train,train,val
O=Cc(cccc1)c1,-1.19,train,val,train,train,train
O=Cc(ccc(OCO1)c12)c2,-1.63,train,train,train,train,val
O=C(CC)C,0.52,val,train,train,train,train
O=C(CCC)C,-0.19,train,val,train,train,train
O=C(CCCC)C,-0.8,val,train,train,train,train
O=C(CC(C)C)C,-1.42,train,val,train,train,train
O=C(CCCCC)C,-1.42,train,train,val,train,train
O=C(CCC)CCC,-1.3,train,train,train,val,train
O=C(CCCCCC)C,-2.05,train,train,val,train,train
O=C(CCCC)CCCC,-2.59,val,train,train,train,train
O=C(C=C)CCC,-0.83,train,train,train,val,train
O=C(C=C(CC1(C)C)C)C1,-1.06,train,train,val,train,train
O=C(CCC(C)C)C,-1.33,val,train,train,train,train
O=C(c(cccc1)c1)CC,-1.83,train,train,val,train,train
CC(=O)CC(=O)C,0.22,val,train,train,train,train
O=C(CCCCCCCC)C,-3.31,val,train,train,train,train
O=C(C(C(C(C(C(C(C(=CC(=O)C1)C2)(C1)C)C3)C2)C4)(C3)C)C4)C,-4.43,train,val,train,train,train
O=C(c(cccc1)c1)C,-1.28,train,val,train,train,train
O=C(c(c(C(=O)c1cccc2)ccc3)c3)c12,-5.19,val,train,train,train,train
CC(=O)O,1.22,train,train,train,val,train
OC(=O)C(=O)O,0.38,train,val,train,train,train
CCCC(=O)O,-0.19,train,train,train,train,val
O=C(O)CCCC(=O)O,1.0,train,val,train,train,train
O=C(O)CCCCC,-1.06,train,train,train,train,val
O=C(O)CCCCC(=O)O,-0.82,train,val,train,train,train
O=C(O)CCCCCCC,-2.3,train,val,train,train,train
O=C(O)CCCCCCCCCCC,-4.62,train,train,train,val,train
O=C(O)C(=C)C,0.01,train,val,train,train,train
O=C(O)C=CC=CC,-1.77,train,train,train,val,train
O=C(O)c(cccc1)c1,-1.55,train,val,train,train,train
c1cc(C)ccc1C(=O)O,-2.6,train,train,train,val,train
c1cccc(C)c1C(=O)O,-2.06,train,val,train,train,train
O=C(O)Cc(cccc1)c1,-0.89,train,train,val,train,train
O=C(O)c(c(ccc1)C(=O)O)c1,-2.11,train,val,train,train,train
O=C(O)CCCCCCCCCCCCCCC,-6.81,val,train,train,train,train
O=C(O)C(O)(c(cccc1)c1)c(cccc2)c2,-2.21,train,train,val,train,train
O=C(OC(C1C(C2(CC(O)(C3=C)CC4)C3)C(=O)O)(C24)C=CC5O)C15C,-1.84,train,train,train,train,val
O=C(O)C(C)C,0.28,val,train,train,train,train
O=C(O)C(CC)CC,-0.81,train,val,train,train,train
CCCC(CCC)C(O)=O,-1.86,val,train,train,train,train
O=C(O)C(CCCC1)C1,-1.45,train,train,val,train,train
O=C(O)COc(cccc1)c1,-1.1,train,train,train,val,train
O=C(O)CCCCCCCCCC,-3.55,train,val,train,train,train
O=C(O)CCCCCCCCC=C,-3.4,train,train,train,train,val
O=C(NCC(=O)O)c(cccc1)c1,-1.68,train,train,val,train,train
OC(=O)c1ccsc1,-1.47,val,train,train,train,train
O=C(O)C(OC=C1)=C1,-0.48,train,train,train,val,train
O=COC,0.58,train,train,train,val,train
O=C(OC)C,0.52,val,train,train,train,train
O=C(OCC)C,-0.04,train,train,train,train,val
O=COCCC,-0.49,train,val,train,train,train
O=C(OC)CC,-0.14,train,train,train,train,val
O=C(OCCC)C,-0.72,val,train,train,train,train
O=C(OC)CCC,-0.82,train,train,val,train,train
O=COCC(C)C,-1.01,train,train,train,val,train
O=C(OC(C)C)C,-0.55,train,train,train,val,train
O=C(OCCCC)C,-1.24,val,train,train,train,train
O=C(OC)CCCC,-1.36,val,train,train,train,train
O=C(OCC(C)C)C=C,-1.21,val,train,train,train,train
O=C(OCC)CC(=O)OCC,-0.82,train,train,train,val,train
O=C(OCCCCC)C,-1.89,train,val,train,train,train
O=C(OC)CCCCC,-2.0,val,train,train,train,train
O=C(OCC)CCCC,-1.75,train,train,train,val,train
O=C(OCCC(C)C)C,-1.92,train,train,val,train,train
O=C(OCCCCCC)C,-2.46,train,val,train,train,train
O=C(OC)CCCCCCC,-3.39,train,train,val,train,train
O=C(OCC)CCCCCC,-2.71,train,train,val,train,train
O=C(OCC(OC(=O)C)COC(=O)C)C,-0.6,train,val,train,train,train
O=C(OCC)CCCCCCC,-3.39,train,val,train,train,train
O=C(OCC)CCCCCCCCC,-4.1,val,train,train,train,train
O=C(OC)C=C,-0.22,train,train,val,train,train
O=C(OCC)C=C,-0.74,val,train,train,train,train
O=C(OC)C(=C)C,-0.8,train,train,val,train,train
O=C(OCC)c(cccc1)c1,-2.32,train,val,train,train,train
O=C(OC)c(c(ccc1)C(=O)OC)c1,-1.66,train,train,val,train,train
O=C(OCCC)c(cccc1)c1,-2.67,train,train,train,val,train
O=C(OCC)c(c(ccc1)C(=O)OCC)c1,-2.35,train,val,train,train,train
O=C(OCC(C)C)c(c(ccc1)C(=O)OCC(C)C)c1,-4.66,train,val,train,train,train
O=C(OCC(CCCC)CC)c(c(ccc1)C(=O)OCC(CCCC)CC)c1,-6.96,train,train,val,train,train
O=C(OCc(cccc1)c1)c(c(ccc2)C(=O)OCCCC)c2,-5.64,train,train,val,train,train
COCOC,0.48,val,train,train,train,train
COCCC,-0.39,train,train,train,val,train
COC(C)C,-0.06,train,val,train,train,train
COCCCC,-0.99,val,train,train,train,train
CCOCCC,-0.66,train,train,train,train,val
CCOC(C)C,-0.55,train,train,train,train,val
O(CCCC1)C1,-0.03,train,val,train,train,train
CCCOCCC,-1.62,val,train,train,train,train
O(C(C)C)C(C)C,-1.1,val,train,train,train,train
CCOCCOCC,-0.77,train,train,val,train,train
O(C(OCC)C)CC,-0.43,train,train,train,train,val
CCCCOCCCC,-1.85,train,train,train,train,val
CCOC=C,-0.85,train,train,val,train,train
c1ccccc1Oc2ccccc2,-3.96,train,train,train,train,val
o2c1ccccc1oc3ccccc23,-5.31,train,train,val,train,train
Cc1cccc(c1)Oc2cccc(c2)C,-4.85,train,train,val,train,train
O(C1C)C1,-0.59,train,val,train,train,train
O(CCC1)C1,0.56,train,train,train,train,val
O(C(CC1)C)C1,0.11,train,train,train,train,val
O1C=CC=C1,-0.82,train,train,train,val,train
o(c(c(c1cccc2)ccc3)c3)c12,-4.6,val,train,train,train,train
O=C(O)C(O)(CC(=O)O)CC(=O)O,0.51,train,train,val,train,train
OCC1C(O)C(O)C(O)C(O)O1,0.74,train,train,train,val,train
O1CC(O)C(O)C(O)C1(O)CO,0.64,train,train,train,train,val
CC13CCC(=O)C=C1CCC4C2CCC(O)(C(=O)CO)C2(C)CC(=O)C34,-3.11,val,train,train,train,train
C1(=O)C=C2CCC3C4CC(C)C(O)(C(=O)CO)C4(C)CC(O)C3(F)C2(C)C=C1,-3.64,train,train,train,val,train
CC(=O)OCC(=O)C3(O)CCC4C2CCC1=CC(=O)CCC1(C)C2C(=O)CC34C,-4.3,train,train,train,train,val
C1C2=CC(=O)C=CC2(C)C3C(O)CC4(C)C(O)(C(=O)CO)CCC4C3C1,-3.21,train,train,train,train,val
O=C(OC(C(C(C(C(C(C(=CC(=O)C1)C2)(C1)C)C3)C2SC(=O)C)C4)(C3)C)(C4)C5)C5,-4.28,train,train,train,train,val
O=C(C(C(C(C(c(c(cc(O)c1)C2)c1)C3)C2)C4)(C3)C)C4,-3.96,train,train,train,train,val
C1C(=O)C=C2CCC3C4CCC(C(=O)COC(=O)C)C4(C)CCC3C2(C)C1,-4.63,train,train,val,train,train
O=C(C=C(C(C(C(C(C(C(O)(C)C1)(C2)C)C1)C3)C2)(C4)C)C3)C4,-3.99,train,val,train,train,train
C1C(=O)C=C2CCC3C4CCC(=O)C4(C)CCC3C2(C)C1,-3.69,train,train,train,train,val
O=C1C=C2CCC3C4CC(OC(=O)C)C(O)(C(=O)COC(=O)C)C4(C)CC(O)C3(F)C2(C)C=C1,-4.13,train,train,train,val,train
CC(=O)C3(O)CCC4C2CCC1=CC(=O)CCC1(C)C2CCC34C,-4.71,train,train,val,train,train
O=C1C=C2CCC3C4CC5OC(C)(C)OC5(C(=O)CO)C4(C)CC(O)C3(F)C2(C)C=C1,-4.32,train,val,train,train,train
CC34CC(O)C1(F)C(CCC2=CC(=O)C=CC12C)C3CC(O)C4(O)C(=O)CO,-3.69,train,val,train,train,train
C1=CC(=O)C=C2CCC3C4CC(C)C(O)(C(=O)CO)C4(C)CC(O)C3(F)C12C,-3.77,val,train,train,train,train
CC1CC2C3CCC(O)(C(=O)C)C3(C)CC(O)C2(F)C4(C)C=CC(=O)C=C14,-4.1,train,train,train,val,train
C1(=O)C=C2CCC3C4CC(C)C(O)(C(=O)COC(=O)C)C4(C)CC(O)C3(F)C2(C)C=C1,-4.9,train,val,train,train,train
C1=CC(=O)C=C2CCC3C4CC(C)C(OC(=O)CCCC)(C(=O)CO)C4(C)CC(O)C3(F)C12C,-4.71,train,train,val,train,train
O(c(c(O)ccc1)c1)C,-1.96,train,val,train,train,train
O=C(O)c(ccc(O)c1)c1,-1.41,train,train,train,val,train
O=Cc(ccc(O)c1)c1,-0.96,train,train,train,val,train
O=Cc(ccc(OC)c1)c1,-1.49,train,train,train,train,val
O(C(C(O)C(O)C1O)CO)C1Oc(c(ccc2)CO)c2,-0.85,train,train,train,val,train
O=C(Oc(cccc1)c1)c(c(O)ccc2)c2,-3.15,val,train,train,train,train
ClCC(O)CCl,-0.11,train,train,val,train,train
FC(F)(F)C(O)C,0.3,val,train,train,train,train
Oc(ccc(c1)Cl)c1,-0.7,train,val,train,train,train
c1ccc(Cl)cc1O,-0.7,train,val,train,train,train
Oc(ccc(c1)Br)c1,-1.09,val,train,train,train,train
c1cc(Cl)cc(Cl)c1O,-1.55,train,train,train,val,train
c1c(Cl)c(Cl)cc(Cl)c1O,-2.21,train,val,train,train,train
Oc(c(c(c(c1Cl)Cl)Cl)Cl)c1Cl,-4.28,train,val,train,train,train
c1cc(Cl)c(C)cc1O,-1.57,train,val,train,train,train
O=C(O)CCl,0.93,train,val,train,train,train
O=C(O)c(c(ccc1)Cl)c1,-1.89,train,train,train,val,train
O=C(O)c(cccc1Cl)c1,-2.59,train,val,train,train,train
ClCCOCCCl,-1.12,train,val,train,train,train
COc1ccc(cc1)C(c2ccc(OC)cc2)C(Cl)(Cl)Cl,-6.89,train,train,train,val,train
COc1c(Cl)ccc(Cl)c1C(O)=O,-1.7,train,val,train,train,train
CCN(CC)CC,-0.14,train,train,val,train,train
CCCNCCC,-0.46,train,train,train,train,val
CCCCCCCN,-1.85,val,train,train,train,train
CN(C)C,0.84,val,train,train,train,train
CCCN(CCC)CCC,-2.28,train,train,val,train,train
NCC(CCCC)CC,-1.71,train,train,train,train,val
CCCCNCCCC,-1.44,train,val,train,train,train
c1ccccc1N,-0.41,train,train,train,val,train
c1cccc(N)c1N,-0.42,train,train,val,train,train
c1cc(N)ccc1N,-0.38,train,train,val,train,train
c1cccc(C)c1N,-0.85,train,train,train,val,train
c1cc(C)ccc1N,-1.21,val,train,train,train,train
c1ccc(C)cc1N,-0.85,train,train,val,train,train
c1ccccc1CN,-1.53,train,train,val,train,train
c1ccccc1NCC,-1.7,train,train,val,train,train
c1ccccc1N(CC)CC,-3.03,val,train,train,train,train
Nc(ccc(c(ccc(N)c1)c1)c2)c2,-2.7,train,train,train,train,val
c1ccccc1Nc2ccccc2,-3.51,train,val,train,train,train
Nc(ccc(c1)Cc(ccc(N)c2)c2)c1,-2.3,train,train,val,train,train
N(N)c(cccc1)c1,0.07,train,train,train,train,val
c1ccc(C)c(C)n1,0.38,train,train,train,val,train
c1cc(C)cc(C)n1,0.38,train,train,val,train,train
Cc1cccc(C)n1,0.45,train,val,train,train,train
c1cc(C)c(C)cn1,0.36,train,train,train,train,val
c1c(C)cc(C)cn1,0.38,train,train,val,train,train
n(c(c(ccc1)cc2)c1)c2,-1.3,train,val,train,train,train
n(c(ccc1)c(nccc2)c2)c1,-1.42,train,val,train,train,train
n(ccc(c1)c(ccnc2)c2)c1,-1.54,train,train,train,train,val
n(cccc1C(N(CC2)C)C2)c1,0.79,val,train,train,train,train
NNC(=O)c1ccncc1,0.01,train,val,train,train,train
O=C(N)c(cccn1)c1,0.61,train,train,train,train,val
n(cccc1CO)c1,0.96,val,train,train,train,train
O=C(N)c(nccn1)c1,-0.91,train,train,val,train,train
n(cccn1)c1,1.1,train,train,train,train,val
c1ccc2c(c1)ccc3ncccc23,-3.36,train,train,train,val,train
c1ccc2ncsc2c1,-1.5,train,val,train,train,train
s1cccc1,-1.45,train,train,train,train,val
n(c(c(ccc1)cc2)c1)c2c(nc(c(ccc3)c4)c3)c4,-5.4,train,train,train,val,train
n(c(c(ccc1)cc2)c1O)c2,-2.42,train,train,train,train,val
o(c(c(n1)ccc2)c2)c1,-1.16,train,train,val,train,train
n(nccc1)c1,1.1,train,train,train,train,val
c1cc2ncccc2c(O)c1,-2.54,val,train,train,train,train
C1(C)=CSC=C1,-2.39,val,train,train,train,train
C1=CSC(CC)=C1,-2.59,val,train,train,train,train
Cc1cc(O)no1,-0.07,train,train,val,train,train
O=C(N(N(C1=O)c(cccc2)c2)c(cccc3)c3)C1CCCC,-3.81,val,train,train,train,train
COC(=O)C1C(CC2CCC1N2C)OC(=O)c3ccccc3,-2.23,train,val,train,train,train
CN(C)CCCN2c1ccccc1CCc3ccccc23,-4.19,train,train,val,train,train
CN(C)CCCN2c1ccccc1Sc3ccc(Cl)cc23,-5.01,train,train,train,train,val
CCC1(C(=O)NC(=O)NC1=O)C2=CCCCC2,-2.17,train,val,train,train,train
C=CCC1(CC=C)C(=O)NC(=O)NC1=O,-2.06,val,train,train,train,train
CC(C)(S)C(N)C(O)=O,-0.13,train,train,train,val,train
OC2(CCN(CCCC(=O)c1ccc(F)cc1)CC2)c3ccc(Cl)cc3,-4.43,train,train,train,train,val
CN2C(=O)NC(=O)C(C)(C1=CCCCC1)C2=O,-2.74,train,train,train,val,train
Oc(ccc(C(=C(c(ccc(O)c1)c1)CC)CC)c2)c2,-4.35,val,train,train,train,train
O=C(NC(C(O)c(ccc(N(=O)=O)c1)c1)CO)C(Cl)Cl,-2.11,train,train,val,train,train
O=C(N(c(c(C1(C(N(C2)CC(C3C4C5OC6)=C6)C3)C2)ccc7)c7)C14)C5,-3.32,train,train,train,train,val
CCC1(CC)C(=O)NC(=O)NC1=O,-1.39,val,train,train,train,train
O=C(OCC(CCC)(C)COC(=O)N)N,-1.67,train,val,train,train,train
O=S(=O)(Nc(nc(cc1C)C)n1)c(ccc(N)c2)c2,-2.27,train,train,val,train,train
c1ccccc1N2C(=O)C(N(C)C)=C(C)N2C,-0.63,train,train,train,val,train
c1ccc2Sc3ccccc3N(CCCN(C)C)c2c1,-4.3,val,train,train,train,train
O=S(=O)(N)c(c(cc(NCNS1(=O)=O)c12)Cl)c2,-2.62,train,train,train,val,train
NS(=O)(=O)c1c(Cl)cc2N=CNS(=O)(=O)c2c1,-3.05,train,train,val,train,train
O=C(OCCN(CC)CC)c(ccc(N)c1)c1,-1.4,train,train,train,val,train
c1ccc2Sc3ccccc3N(CC(C)N(C)C)c2c1,-4.26,train,train,val,train,train
O=C1NCCN1c2ncc(s2)N(=O)=O,-3.22,train,train,train,train,val
CC(=O)Nc1ccc(OCC)cc1,-2.37,train,val,train,train,train
O=S(=O)(N)c(ccc(N)c1)c1,-1.36,train,train,val,train,train
OCCN4CCN(CCCN2c1ccccc1Sc3ccc(cc23)C(F)(F)F)CC4,-4.15,train,train,train,val,train
c12ncnc(N)c1ccn2C3OC(CO)C(O)C3(O),-1.95,val,train,train,train,train
c1cc(N)ccc1S(=O)(=O)Nc2nccs2,-2.43,train,train,val,train,train
CCCC(C)C1(CC)C(=O)NC(=O)NC1=O,-2.52,train,train,train,train,val
CC(C)C1(CC=C)C(=O)NC(=O)NC1=O,-1.71,train,train,train,train,val
O=C1NC(=S)NC(=O)C1(CC=C)C(C)CCC,-3.46,train,train,train,train,val
CCCCC1(CC)C(=O)NC(=O)NC1=O,-1.64,train,train,train,val,train
O=C(NC(=O)C(Br)(CC)CC)N,-2.68,train,train,train,val,train
O=C(NC(=O)c1cccc2)c12,-2.61,val,train,train,train,train
c1cc2OC(=O)C=Cc2cc1,-1.89,train,val,train,train,train
CCc2nnc(NS(=O)(=O)c1ccc(N)cc1)s2,-1.94,train,train,train,val,train
O(c(c(O)ccc1CC=C)c1)C,-1.56,train,train,val,train,train
c1ccccc1C2(CC=C)C(=O)NC(=O)NC2=O,-2.18,train,train,train,val,train
CN4CCN(CCCN2c1ccccc1Sc3ccc(cc23)C(F)(F)F)CC4,-4.52,train,train,val,train,train
c1cc(N)ccc1S(=O)(=O)Nc2nc(OC)nc(OC)c2,-2.96,train,train,val,train,train
CCC1(C(=O)NCNC1=O)c2ccccc2,-2.64,train,train,train,train,val
CCCCC1C(=O)N(N(C1=O)c2ccc(O)cc2)c3ccccc3,-3.73,train,train,train,val,train
O=S(=O)(N)c(c(cc(NC(NS1(=O)=O)C(Cl)Cl)c12)Cl)c2,-2.68,train,val,train,train,train
O=C(Nc(c(ccc1)C)c1C)CN(CC)CC,-1.76,val,train,train,train,train
O=C(NS(=O)(=O)c(ccc(N)c1)c1)C,-1.23,train,train,train,train,val
OCC(O)C(O)CO,0.7,train,train,val,train,train
OC(c(cccc1)c1)C(NC)C,-0.42,train,val,train,train,train
O=C(NCCCC)NS(=O)(=O)c(ccc(N)c1)c1,-2.18,val,train,train,train,train
CCN(CC)CCNC(=O)c1cc(Cl)c(N)cc1OC,-3.18,val,train,train,train,train
Cc1ncc(N(=O)=O)n1CCO,-1.26,val,train,train,train,train
CCOc2ccc1nc(sc1c2)S(N)(=O)=O,-3.81,train,train,val,train,train
CCC1(C(=O)NC(=O)NC1=O)C2=CCCCCC2,-3.0,train,train,val,train,train
Oc1cc(O)c2C(=O)CC(c3cc(O)c(O)cc3)Oc2c1,-3.62,val,train,train,train,train
c1cc(N)ccc1S(=O)(=O)Nc2ncc(C)cn2,-2.82,val,train,train,train,train
c1cc(N)ccc1S(=O)(=O)Nc2ncc(OC)cn2,-2.58,train,val,train,train,train
c1cc(C)ccc1S(=O)(=O)NC(=O)NC2CCCCC2,-4.21,train,val,train,train,train
COc2cc(Cc1cnc(N)nc1N)cc(OC)c2OC,-2.86,train,val,train,train,train
OC3N=C(c1ccccc1Cl)c2cc(Cl)ccc2NC3=O,-3.6,train,train,train,val,train
Cc1ccc(cc1)S(=O)(=O)NC(=O)NN2CCCCCC2,-3.68,val,train,train,train,train
n(c(ccc1)C(Cl)(Cl)Cl)c1Cl,-3.76,train,train,val,train,train
CN(C)C(=O)Nc1cccc(OC(=O)NC(C)(C)C)c1,-2.93,train,train,train,train,val
c1ccccc1c2c(F)cc(C(C)C(=O)O)cc2,-4.49,val,train,train,train,train
CCOP(=S)(OCC)N2C(=O)c1ccccc1C2=O,-3.35,train,val,train,train,train
CC1=C(SCCO1)C(=O)Nc2ccccc2,-3.14,val,train,train,train,train
CN(C)C=Nc1ccc(Cl)cc1C,-2.86,train,train,train,val,train
o1c(N(=O)(=O))ccc1C=NO,-2.19,train,val,train,train,train
CNC(=O)Oc1ccccc1C2OCCO2,-1.57,train,train,train,train,val
O=C(O)C(c(ccc(c1)CC(C)C)c1)C,-3.99,train,train,train,val,train
COc2ccc1cc(ccc1c2)C(C)C(O)=O,-4.16,train,val,train,train,train
c1ccccc1CNC(=O)CN2C(N(=O)=O)=NC=C2,-2.81,val,train,train,train,train
c1ccccc1c2ccc(C(=O)CCC(=O)O)cc2,-5.06,train,train,train,train,val
C1CCCCN1c2nc(N)n(=O)c(N)c2,-1.98,train,train,val,train,train
n1c(N)nc(N)c(Cc2cc(OC)c(OCCOC)c(OC)c2)c1,-2.1,train,val,train,train,train
C1CN(CCC2=CC=CS2)CCC1(COC)N(C(=O)CC)c3ccccc3,-3.71,train,val,train,train,train
n1cncn1CC(O)(c2ccc(F)cc2)c3ccccc3F,-3.37,train,val,train,train,train
N1C(=O)NC(=O)C(F)=C1,-1.07,train,train,train,val,train
CNN,1.34,train,train,train,train,val
C1=C(C)C(=O)NC(=O)N1,-1.52,train,train,val,train,train
C1=CC(=O)NC(=O)N1,-1.48,train,val,train,train,train
CCC1(CCC(=O)NC1=O)c2ccccc2,-2.34,train,train,train,val,train
O=NN(CCCC1)C1,-0.17,val,train,train,train,train
N(=Nc(cccc1)c1)c(cccc2)c2,-4.45,train,train,val,train,train
O(CCN(C1)C)C1,1.0,train,train,train,train,val
N(CCCC1)C1,1.07,train,train,train,train,val
O(CCNC1)C1,1.06,train,train,train,train,val
N(CCC1)C1,1.15,train,train,train,train,val
NC(=NC(#N))N,-0.31,val,train,train,train,train
C1=CC(=O)NC(=O)N1C,-0.8,val,train,train,train,train
O=C(NCC1)C1,1.07,train,train,val,train,train
N(CCCC1)(C1)C,0.23,train,train,train,val,train
CN1C(=O)C=CC=C1,0.96,train,val,train,train,train
C=CC#N,0.15,train,train,train,val,train
c1ccccc1C#N,-1.0,val,train,train,train,train
N#Cc(c(C#N)ccc1)c1,-2.38,val,train,train,train,train
N(Nc(cccc1)c1)c(cccc2)c2,-2.92,train,train,train,val,train
Oc(ccc(N)c1)c1,-0.8,train,val,train,train,train
c1cccc(N)c1C(=O)O,-1.52,train,train,train,val,train
O=C(O)c(ccc(N)c1)c1,-0.4,train,train,train,train,val
O=C(OC)N,0.97,val,train,train,train,train
O=C(OCCCC)N,-0.66,train,val,train,train,train
O=C(OCC(C)C)N,-0.3,train,train,train,val,train
O=C(OC(C)(C)C)N,0.1,val,train,train,train,train
O=C(OCc1ccccc1)N,-0.35,val,train,train,train,train
NC(=O)N,0.96,train,val,train,train,train
O=C(N)NO,1.12,train,val,train,train,train
O=C(N)N(C)N=O,-0.85,val,train,train,train,train
O=C(N)N(CC)N=O,-0.96,train,train,train,train,val
O=C(N(C)C)N(C)C,0.94,train,train,val,train,train
NC(=O)NCc1ccccc1,-0.95,val,train,train,train,train
CC(=O)N,1.58,train,val,train,train,train
CC(=O)N(C)C,1.11,val,train,train,train,train
O=C(N)c(cccc1)c1,-0.96,val,train,train,train,train
O=C(N)c(c(ccc1)C(=O)N)c1,-2.92,train,train,train,train,val
O=C(Nc(cccc1)c1)C,-1.33,train,train,val,train,train
O=C(N(C)C)Nc(cccc1)c1,-1.6,train,val,train,train,train
CNC(=O)Oc1ccccc1OC(C)C,-2.05,train,train,val,train,train
C1=CC2C(N(C)C5)Cc3ccc(O)c4c3C2(C5)C(O4)C1O,-3.28,val,train,train,train,train
COc1ccc2CC5C3C=CC(O)C4Oc1c2C34CCN5C,-1.52,train,val,train,train,train
CCCN(=O)=O,-0.8,val,train,train,train,train
O=N(=O)c(cccc1)c1,-1.8,train,val,train,train,train
O=N(=O)c(c(ccc1)C)c1,-2.33,train,train,train,train,val
O=N(=O)c(cccc1C)c1,-2.44,train,train,train,val,train
O=N(=O)c(ccc(c1)C)c1,-2.49,train,val,train,train,train
O=N(=O)c(ccc(O)c1)c1,-0.74,train,train,train,val,train
O=N(=O)c(c(O)ccc1)c1,-1.74,train,train,train,val,train
O=N(=O)c(cccc1O)c1,-1.01,val,train,train,train,train
O=N(=O)c(cc(N(=O)=O)c(O)c1C(CC)C)c1,-3.38,train,train,train,val,train
O=C(O)c(cccc1N(=O)=O)c1,-1.68,train,train,train,val,train
O=N(=O)c(c(OC)ccc1)c1,-1.96,train,train,train,train,val
O=N(=O)c(ccc(OC)c1)c1,-2.41,val,train,train,train,train
O=N(=O)c(cccc1N)c1,-2.19,train,val,train,train,train
O=N(=O)c(ccc(N)c1)c1,-2.37,train,train,train,val,train
NC(=N)NCC(=O)O,-1.51,train,train,train,train,val
Nc(ccc(c1)Cl)c1,-1.66,train,val,train,train,train
Nc(c(ccc1)Cl)c1,-1.52,train,train,val,train,train
Nc(ccc(c1Cl)Cl)c1,-3.24,val,train,train,train,train
FC(F)(F)c(cccc1N)c1,-1.47,train,train,train,val,train
Nc(c(cc(c(ccc(N)c1Cl)c1)c2)Cl)c2,-4.92,train,val,train,train,train
Clc1cccc(Cl)c1C#N,-4.24,val,train,train,train,train
n(c(nc(n1)NCC)NCC)c1Cl,-4.55,train,train,train,val,train
n(c(nc(n1)N(CC)CC)NCC)c1Cl,-4.06,train,val,train,train,train
CCNc1nc(Cl)nc(NC(C)(C)C#N)n1,-3.15,val,train,train,train,train
CC(C)Nc1nc(Cl)nc(NC(C)C)n1,-4.43,train,val,train,train,train
CC(C)OC(=O)Nc1cccc(Cl)c1,-3.38,train,train,train,train,val
O=C(N(OC)C)Nc(ccc(c1)Cl)c1,-2.57,val,train,train,train,train
O=C(N(C)C)Nc(ccc(c1)Cl)c1,-2.89,train,train,train,val,train
O=C(N(OC)C)Nc(ccc(c1Cl)Cl)c1,-3.52,train,val,train,train,train
O=C(N(C)C)Nc(cccc1C(F)(F)F)c1,-3.43,train,train,train,train,val
CC(C)N(C(=O)CCl)c1ccccc1,-2.48,val,train,train,train,train
CCCCN(C)C(=O)Nc1ccc(Cl)c(Cl)c1,-4.77,train,train,val,train,train
CC1=C(Cl)C(=O)N(C(C)(C)C)C(=O)N1,-2.48,train,val,train,train,train
CN(C)C(=O)Nc2ccc(Oc1ccc(Cl)cc1)cc2,-4.89,val,train,train,train,train
O=N(=O)c(ccc(Oc(c(cc(c1)Cl)Cl)c1)c2)c2,-5.46,train,train,train,train,val
CCCN(CCC)c1c(cc(cc1N(=O)=O)C(F)(F)F)N(=O)=O,-5.68,train,train,train,val,train
CC(C)(C)C(=O)C(Oc1ccc(Cl)cc1)n2cncn2,-3.61,train,train,val,train,train
CCCCS,-2.18,train,train,train,val,train
c1ccccc1S,-2.12,val,train,train,train,train
CCNc1nc(NC(C)C)nc(SC)n1,-3.04,train,train,train,val,train
CCNc1nc(NC(C)(C)C)nc(SC)n1,-4.0,train,train,train,val,train
N(C(=S)NC1)C1,-0.71,train,train,train,train,val
CCNC(=S)NCC,-1.46,train,train,train,train,val
NC(=S)Nc(cccc1)c1,-1.77,train,train,train,train,val
n(ccc(n1)O)c1S,-2.26,train,train,train,train,val
O=C(NS(=O)(=O)c1cccc2)c12,-1.64,val,train,train,train,train
O=S(=O)(N)c(ccc(c1)C)c1,-1.74,val,train,train,train,train
O=S(=O)(N)c(c(ccc1)C)c1,-2.02,train,train,train,train,val
CCCN(CCC)c1c(cc(cc1N(=O)=O)S(N)(=O)=O)N(=O)=O,-5.16,train,train,train,train,val
O=P(OCC)(OCC)OCC,0.43,train,train,train,train,val
O=P(Oc1ccc(O)cc1C)(Oc2cc(O)ccc2C)Oc3c(O)cccc3C,-6.7,train,train,train,train,val
CCOP(=S)(OCC)SCSCC,-4.11,val,train,train,train,train
CCOP(=S)(OCC)SCCSCC,-4.23,val,train,train,train,train
COP(=S)(OC)SCN2C(=O)c1ccccc1C2=O,-4.1,train,val,train,train,train
COP(=S)(OC)Oc1nc(Cl)c(Cl)cc1Cl,-4.82,train,train,val,train,train
COP(=S)(OC)Oc1ccc(cc1)N(=O)=O,-3.68,train,train,train,val,train
COP(=S)(OC)Oc1ccc(cc1Cl)N(=O)=O,-4.31,train,val,train,train,train
CCOP(=S)(OCC)SCSP(=S)(OCC)OCC,-5.54,train,train,train,val,train
O=P(SCCCC)(SCCCC)SCCCC,-5.14,train,train,train,val,train
COP(=S)(OC)Oc1cc(Cl)c(Br)cc1Cl,-6.09,train,train,val,train,train
COP(=S)(OC)Oc1cc(Cl)c(Cl)cc1Cl,-5.72,train,train,train,train,val
O=C(O)CCC(C(C(C(C(C(C(C(C1)CC(O)C2)(C2)C)C3)C1O)C4)(C3O)C)C4)C,-3.37,train,train,train,train,val
O=C(O)CCC(C(C(C(C(C(C(C(C1)CC(O)C2)(C2)C)C3)C1)C4)(C3O)C)C4)C,-3.95,val,train,train,train,train
C1C(O)CC2CC(O)C3C4CCC(C(C)CCC(=O)O)C4(C)CCC3C2(C)C1,-3.82,val,train,train,train,train
CC(CCC(O)=O)C3CCC4C2C(O)CC1CC(O)CCC1(C)C2CCC34C,-3.64,train,train,train,val,train
c1cc2N3C(C)=NN=C3CN=C(c4c(Cl)cccc4)c2cc1Cl,-4.08,train,train,train,train,val
COc1ccc2n(C(=O)c3ccc(Cl)cc3)c(C)c(CC(=O)O)c2c1,-4.62,train,train,train,val,train
s1c(N)ncc1,-0.36,val,train,train,train,train
N(c(c(c(ccc1)cc2)c1)c2)=C=S,-4.6,val,train,train,train,train
N#CCCCl,-0.29,train,train,val,train,train
N#CCC=CC,-0.96,val,train,train,train,train
O=C(Nc(ccc(N)c1)c1)C,-0.98,train,train,train,val,train
O=C(Nc(ccc(c1)Br)c1)C,-3.08,train,val,train,train,train
O=C(Nc(ccc(c1)F)c1)C,-1.78,train,val,train,train,train
O=C(Nc(ccc(c1)C=O)c1)C,-1.58,train,val,train,train,train
O=C(Nc(ccc(c1)I)c1)C,-3.25,train,train,val,train,train
O=C(Nc(ccc(c1)OC)c1)C,-1.3,train,train,train,val,train
CN(C)C(=O)NC1CCCCCCC1,-2.36,train,train,train,val,train
CCCCOc2cc(C(=O)NCCN(CC)CC)c1ccccc1n2,-3.7,train,val,train,train,train
CN(C)CCC=C2c1ccccc1COc3ccccc23,-3.4,train,val,train,train,train
FC(F)(F)c(cccc1C(n(ncn2)c2)(c(cccc3)c3)c(cccc4)c4)c1,-8.4,val,train,train,train,train
N(c(c(ccc1)C2)c1)C2,-1.04,val,train,train,train,train
O=C(NC1C2C3CCCC3C(C1)C2)N(C)C,-3.01,val,train,train,train,train
CC(C)c1ccc(NC(=O)N(C)C)cc1,-3.54,train,train,train,train,val
Cc1ccc2C(=O)C(C(=O)O)=CN(CC)c2n1,-3.37,train,train,val,train,train
C1CNCCN1c2ncc3C(=O)C(C(=O)O)=CN(CC)c3n2,-2.98,train,train,train,train,val
CC34CCC1C(CCC2=CC(=O)CCC12)C3CCC4(O)C#C,-4.57,train,train,train,val,train
CC(=O)OC3(CCC4C2CCC1=CC(=O)CCC1C2CCC34C)C#C,-4.79,train,train,train,val,train
O=C1C=C2C(C)CC3C4CCC(O)(C(=O)CO)C4(C)CC(O)C3C2(C)C=C1,-2.99,train,train,train,train,val
Oc1c(I)cc(C#N)cc1I,-3.61,train,train,train,train,val
O=C1NC(=S)NC(=O)C1(CC)C(C)CCC,-3.36,train,train,train,val,train
O=C(NC(=O)C(O)(C1=O)C(O)(C(=O)NC(=O)N2)C2=O)N1,-2.23,train,train,train,val,train
Cc1c(C)cc2N=C3C(=O)NC(=O)N=C3N(CC(O)C(O)C(O)CO)c2c1,-3.68,train,train,train,val,train
O=C(O)c(c(c(N)cc1Cl)Cl)c1,-2.47,train,train,train,val,train
ClCC#CCOC(=O)Nc1cccc(Cl)c1,-4.37,train,train,val,train,train
CN(C)C2C1CC4C(=C(O)C1(O)C(=O)C(=C2O)C(N)=O)C(=O)c3c(O)cccc3C4(C)O,-3.12,train,val,train,train,train
O=C(N)C(=C(O)C(N(C)C)C(C1(O)C(O)=C(C2C(O)(c(c3c(O)cc4)c4)C)C3=O)C2O)C1=O,-3.14,train,train,val,train,train
O=C(O)C(N)Cc(cccc1)c1,-1.23,train,val,train,train,train
CN(C)C(=O)C(c1ccccc1)c2ccccc2,-2.98,train,train,train,val,train
CC(C)N(C(C)C)C(=O)SCC(Cl)=C(Cl)Cl,-4.88,train,train,train,val,train
O=C(O)C(N)CCSC,-0.42,train,train,train,train,val
CCCCN(CC)C(=O)SCCC,-3.35,train,train,train,train,val
O=C(OC)c(cccn1)c1,-0.46,val,train,train,train,train
CCCOC(=O)c1ccc(N)cc1,-2.33,train,val,train,train,train
O=C(OCC1)C1,1.07,train,train,train,train,val
O=C(OC)c(cc(O)c(O)c1O)c1,-1.24,train,train,train,val,train
O=C(OC)c(ccc(O)c1)c1,-1.78,train,val,train,train,train
O=C(OCC)C=Cc(cccc1)c1,-3.0,train,val,train,train,train
O=C(OCC)CCC(=O)OCC,-0.96,train,train,val,train,train
O=C(OCC=C)c(c(ccc1)C(=O)OCC=C)c1,-3.13,val,train,train,train,train
O=C(OCCCC)c(cccc1)c1,-3.48,val,train,train,train,train
O=C(OC)c(ccc(N)c1)c1,-1.59,train,train,train,train,val
CCCCCCOC(=O)c1ccc(N)cc1,-3.95,train,train,val,train,train
CCCCCCCOC(=O)c1ccc(N)cc1,-4.6,train,val,train,train,train
CCCCCCCCOC(=O)c1ccc(N)cc1,-5.4,val,train,train,train,train
O=C(Nc(cccc1)c1)c(c(O)ccc2)c2,-3.59,val,train,train,train,train
ONc(cccc1)c1,-0.74,train,val,train,train,train
S(c(cccc1)c1)C,-2.39,train,val,train,train,train
O=CNc(cccc1)c1,-0.68,val,train,train,train,train
c1cc(NC(=O)C)ccc1S(=O)(=O)N,-1.61,train,train,val,train,train
O=C(Nc(cccc1C)c1)C,-2.09,val,train,train,train,train
O=C(Nc(c(N(=O)=O)ccc1)c1)C,-1.91,train,train,train,train,val
O=C(N(c(cccc1)c1)C)C,-0.95,train,train,val,train,train
O=C(Nc(c(O)ccc1)c1)C,-2.24,train,val,train,train,train
c1cc(N)ccc1C(=O)OCCNCCCCC,-3.27,train,val,train,train,train
c1c(N(=O)(=O))cc2C(c3ccccc3)=NCC(=O)N(C)c2c1,-3.8,val,train,train,train,train
c1cc(OCCCC)ccc1C(=O)OCCN(CC)CC,-3.84,train,val,train,train,train
n(c(N(Cc(cccc1)c1)CCN(C)C)ccc2)c2,-2.64,train,train,train,train,val
C1C(=O)C=C2C(C)=CC3C4CCC(C(=O)C)(C)C4(C)CCC3C2(C)C1,-5.27,train,train,train,val,train
C1C(=O)C=C2C(C)=CC3C4CCC(C(=O)C)(OC(=O)C)C4(C)CCC3C2(C)C1,-5.35,train,train,val,train,train
C1CCCCC1CC,-4.25,train,train,train,val,train
c1c(Cl)c(Cl)cc(O)c1OC,-2.53,train,train,train,train,val
O=C(C(=CCC1C(=C)C)C)C1,-2.06,val,train,train,train,train
O=N(=O)NC(=N)N,-1.37,train,train,val,train,train
O=C(N)CCl,-0.02,train,val,train,train,train
O=C(NC(=O)C1=O)N1,-0.4,train,train,train,val,train
O=C(O)CCI,-0.43,train,train,train,val,train
O=N(=O)OCC(ON(=O)=O)CON(=O)=O,-2.22,train,train,val,train,train
O=C(NC(=O)C)N,-0.9,train,train,val,train,train
OCC(O)CO,1.12,train,train,val,train,train
O=C(NC(=O)C(=O)C1=O)N1,-1.25,train,train,train,val,train
O=C(NC(=O)C(N(=O)=O)C1=O)N1,-2.28,val,train,train,train,train
O=C1N=CN=CC1,0.59,train,train,train,val,train
O=C(NC(=O)C1)C1,0.3,val,train,train,train,train
O=C(NCC(=O)N1)C1,-0.83,train,train,train,train,val
O=C(NC(NC(=O)N1)C1=O)N,-1.6,train,val,train,train,train
ClCCS(=O)CCCl,-1.16,train,train,train,val,train
ClCCS(=O)(=O)CCl,-1.5,val,train,train,train,train
O(CC(O)C1)C1,1.05,train,val,train,train,train
CCC(N)C(=O)O,0.31,train,train,train,train,val
O=C(O)CC(N)C,1.08,train,train,train,train,val
O=C(O)C(N)C(O)C,-0.09,train,train,train,train,val
C1(=O)NC(=O)NC(C(=O)O)=C1,-1.93,train,train,train,val,train
n(c(O)ccc1)c1,1.02,train,train,train,train,val
n(cccc1O)c1,-0.46,train,train,val,train,train
O=C(N(C(C1=O)(C)C)Cl)N1Cl,-2.6,train,train,train,val,train
n(cc(c(n1)O)C)c1S,-2.45,train,val,train,train,train
n(c(O)cc(n1)C)c1S,-2.43,train,val,train,train,train
CCC1NC(=O)NC1(=O),-0.06,train,train,val,train,train
CC(=O)N=C1N(C)N=C(S(=O)(=O)N)S1,-1.83,train,train,train,val,train
O=C(O)C(N)CCC(=O)N,-0.55,train,train,train,val,train
N(CSC(N1C)=S)(C1)C,-2.13,train,val,train,train,train
c1c(Cl)c(Cl)c2nsnc2c1Cl,-4.98,train,train,train,val,train
c1cnc2cncnc2n1,0.02,train,train,train,val,train
O=C(O)C=CC(N=CN1)=C1,-1.96,val,train,train,train,train
CN1C(=O)NC(NC2=O)=C(N2)C1=O,-1.56,train,train,train,train,val
O=N(=O)OC(C(OCC1ON(=O)=O)C1O2)C2,-2.63,val,train,train,train,train
O=C(O)C(N)CC(N=CN1)=C1,-0.53,train,train,val,train,train
C=CCS(=O)SCC=C,-0.83,train,train,train,train,val
CN(C)NC(=O)CCC(O)=O,-0.2,val,train,train,train,train
OC1C(O)C(O)C(O)C(O)C1,-0.17,train,train,train,val,train
OC1C(O)C(O)C(O)C(O)C1O,0.35,train,train,train,train,val
NC(=O)OCCCCC,-1.47,val,train,train,train,train
OCC(O)C(O)C(O)C(O)CO,1.09,val,train,train,train,train
O=N(=O)c(c(c(c(c1Cl)Cl)Cl)Cl)c1Cl,-5.82,val,train,train,train,train
Oc1c(Br)cc(C#N)cc1Br,-3.33,train,train,train,val,train
O=C(O)c(c(O)c(cc1I)I)c1,-3.31,val,train,train,train,train
O=C(O)c(c(ccc1)I)c1,-2.73,train,train,train,train,val
c1cnc2c(C)ncnc2n1,-0.12,train,train,train,train,val
c1cnc2cnc(C)nc2n1,-0.47,train,train,val,train,train
c1c(C)nc2cncnc2n1,0.06,train,val,train,train,train
c1cnc2cnc(OC)nc2n1,-1.11,train,train,train,train,val
c1c(OC)nc2cncnc2n1,-0.91,train,val,train,train,train
c1cnc2c(SC)ncnc2n1,-1.76,train,val,train,train,train
c1cnc2cnc(SC)nc2n1,-2.36,train,train,train,val,train
O=Cc(c(O)ccc1)c1,-0.86,train,val,train,train,train
O=C(O)c(cc(O)c(O)c1O)c1,-1.16,train,train,train,val,train
O=C(N)c(c(O)ccc1)c1,-1.76,train,val,train,train,train
c1ccccc1NC(=O)NN,-2.33,train,train,train,val,train
c1cc(N)ccc1S(=O)(=O)NC(=N)N,-1.99,val,train,train,train,train
O=C(CCCC1C)C1,-1.87,train,val,train,train,train
C1CCCC(C)C1=O,-0.94,train,train,train,val,train
NC(=O)OCCCCCC,-1.92,train,train,train,val,train
O=C(OC(=O)c1cccc2)c12,-1.39,train,train,train,train,val
O=C(O)Cc(c(ccc1Cl)Cl)c1Cl,-3.08,train,train,train,val,train
O=C(O)COc(c(cc(c1Cl)Cl)Cl)c1,-2.96,train,val,train,train,train
OC(=O)c1ccccc1C(F)(F)F,-1.6,train,train,train,train,val
OC(=O)COc1ccccc1Cl,-2.16,train,train,train,train,val
O=C(O)COc(ccc(c1)Cl)c1,-2.29,train,train,val,train,train
O=C(OC)c(c(c(N)cc1Cl)Cl)c1,-3.26,train,train,train,train,val
C1CCCCC1OC(=O)C,-1.67,train,val,train,train,train
O=C(O)c(ccc(O)c1OC)c1,-2.05,train,train,train,val,train
Oc(cc(c(c1C)Cl)C)c1,-2.8,train,train,train,train,val
c1ccc(N)cc1C(=O)C,-1.28,train,train,train,val,train
O=C(c(ccc(N)c1)c1)C,-1.61,train,train,val,train,train
Oc(c(c(cc1)C)C)c1,-1.43,train,val,train,train,train
Oc(c(ccc1C)C)c1,-1.54,train,train,train,train,val
Oc(c(ccc1)C)c1C,-1.31,train,train,train,train,val
Oc(ccc(c1C)C)c1,-1.41,train,train,val,train,train
O=C(O)C(C(C(=O)O)C(O1)CC2)C12,-0.27,train,val,train,train,train
O=C(N(CC=C)CC=C)C(Cl)Cl,-1.62,train,train,val,train,train
O(C(OC(C1O)C(O)CO)C1O2)C2C(Cl)(Cl)Cl,-1.84,train,train,val,train,train
OC(c(cccc1)c1)CN,-0.48,train,train,train,val,train
CCN(CC)C(=S)SCC(Cl)=C,-3.39,val,train,train,train,train
CCCCC(=O)CC(=O)C,-1.56,train,val,train,train,train
CC(=O)C(CCC)C(=O)C,-0.88,train,train,val,train,train
CC(C)(C)C(=O)CC(=O)C,-1.63,train,train,val,train,train
N1CCCCC1CC(=O)C,-0.45,train,train,train,train,val
O=C1NCCN1C(=O)NCC(C)C,-2.15,train,val,train,train,train
CC1(C)CC(C)CC1,-4.48,train,train,train,val,train
CC1CCC(C)CC1,-4.47,val,train,train,train,train
C1C(CCC)CCC1,-4.74,train,train,train,val,train
C1C(C)C(C)CCC1,-4.33,train,train,val,train,train
NC(=O)OCCCCCCC,-2.62,train,train,train,train,val
CCCC(O)C(CC)CO,-0.54,train,train,train,val,train
CN2C(=O)ON(c1ccc(Cl)c(Cl)c1)C2=O,-2.82,val,train,train,train,train
Cc1cccc2sc3nncn3c12,-2.07,train,train,train,val,train
O=C(O)C(Oc(c(cc(c1)Cl)Cl)c1)C,-2.45,val,train,train,train,train
c1ccccc1C(=C)C(=O)O,-2.06,train,val,train,train,train
O=C(O)COc(c(cc(c1)Cl)C)c1,-2.23,train,train,train,val,train
O=C(C(Cc1cc(c(c(c1)I)O)I)N)O,-2.86,train,train,val,train,train
O=C(O)CCc(cccc1)c1,-1.41,train,train,train,val,train
OCC(C(O)=O)c1ccccc1,-0.93,train,train,train,val,train
O=C(c(ccc(N)c1)c1)CC,-2.63,train,train,train,train,val
c1ccccc1NC(=O)CC,-1.92,train,train,val,train,train
O=C(Oc(cccc1C)c1)NC,-1.8,train,train,train,val,train
O=C(O)C(N)Cc(ccc(O)c1O)c1,-1.6,train,val,train,train,train
OC(=O)CC(C)(C(=O)O)C(C)(C)C(=O)O,-0.29,train,train,train,train,val
C1C(N2C)CC(O)C(C(=O)O)C2C1,-0.02,train,train,train,val,train
O=C(O)CCCCCCCC(=O)O,-1.89,train,train,train,val,train
O=C(ON=C(C(C)(C)C)CSC)NC,-1.62,train,val,train,train,train
CCCCCCCCOC(=O)N,-3.3,train,val,train,train,train
ClC1=C(Cl)C(Cl)(C2(Cl)Cl)C3CC=CC3C12Cl,-5.64,train,train,train,train,val
OC1C=CC2C1C3(Cl)C(=C(Cl)C2(Cl)C3(Cl)Cl)Cl,-5.46,train,train,val,train,train
O=C1C(Br)=C(N)C=NN1c2ccccc2,-3.12,train,train,val,train,train
ClC(Cl)C(Cl)(Cl)SN2C(=O)C1CC=CCC1C2=O,-5.4,val,train,train,train,train
c1ccc2c(O)cc(C)nc2c1,-1.2,train,train,train,val,train
COC(=O)C(Cl)Cc1ccc(Cl)cc1,-3.77,train,train,val,train,train
OC(=O)CCCOc1ccc(Cl)cc1Cl,-3.67,train,val,train,train,train
c1cc(N)ccc1S(=O)(=O)Nc2cnccn2,-3.7,val,train,train,train,train
COc1ccc2COC(=O)c2c1OC,-1.89,train,val,train,train,train
OC(=O)c1c(C=O)ccc(OC)c1OC,-1.92,train,val,train,train,train
O=C(O)C(Oc(c(cc(c1)Cl)C)c1)C,-2.55,train,train,val,train,train
CNC(=O)ON=C1C(C2)C(C#N)CC2C1Cl,-2.08,train,train,val,train,train
CCC2NC(=O)c1cc(c(Cl)cc1N2)S(N)(=O)=O,-3.29,val,train,train,train,train
O=C(N(S(=O)(=O)Nc1cccc2)C(C)C)c12,-2.68,train,train,train,val,train
OCC1OC(C(O)C1O)n2cnc3C(=O)NC=Nc23,-1.23,train,train,train,train,val
O(c(ccc(c1)C=CC)c1)C,-3.13,train,val,train,train,train
c1cc(Cl)ccc1S(=O)(=O)NC(=O)NCCC,-3.03,train,train,train,train,val
ClC(Cl)(Cl)C(NC=O)N1CCN(CC1)C(NC=O)C(Cl)(Cl)Cl,-4.19,val,train,train,train,train
O=C(N(C(=O)C(N(C=N1)CC(O)CO)=C12)C)N2C,-0.17,train,train,val,train,train
Nc(c(ccc1)CC)c1CC,-2.35,train,val,train,train,train
OCCN(c(cccc1)c1)CCO,-0.73,train,train,train,train,val
O=C(C(C(C1C2)(C)C)(C2)C)C1,-1.99,train,train,val,train,train
O=CC=C(CCC=C(C)C)C,-2.06,train,train,val,train,train
O=C1C(C)CCC(C(C)=C)C1,-2.18,train,train,train,train,val
O=C(O)C(C(C(C(=O)O)C1)(C)C)(C1)C,-1.42,train,val,train,train,train
OC(C(C(C1C2)(C)C)(C2)C)C1,-2.32,train,val,train,train,train
O(C(CCC1C2)(C2)C)C1(C)C,-1.64,train,train,train,val,train
OC(C=C)(CCC=C(C)C)C,-1.99,val,train,train,train,train
OC(C(CCC1C)C(C)C)C1,-2.53,train,train,val,train,train
c1cc2C(=O)C=C(C)C(=O)c2cc1,-3.03,train,train,val,train,train
c1ccc2C(O)N3CCC(O)C3=Nc2c1,-2.07,train,train,train,train,val
n(c(c(ccc1C)cc2)c1)c2C,-1.94,train,train,train,train,val
O=S(=O)(Nc(nccc1)c1)c(ccc(N)c2)c2,-2.7,train,val,train,train,train
O=S(=O)(Nc(nccc1C)n1)c(ccc(N)c2)c2,-2.85,train,val,train,train,train
Cc1cc(C)c(NC(=O)C)cc1NS(=O)(=O)C(F)(F)F,-3.24,train,train,val,train,train
O=C1N(c2ccccc2)N(C)C(C)=C1N,-0.62,train,val,train,train,train
c1cc(N)ccc1S(=O)(=O)Nc2nc(C)c(C)o2,-2.44,train,train,train,val,train
O=S(=O)(Nc(onc1C)c1C)c(ccc(N)c2)c2,-2.91,train,train,train,train,val
C1=CC(=O)N2CC(C3)CNCC3C2=C1,0.36,train,train,train,train,val
CCSCc1ccccc1OC(=O)NC,-2.09,train,train,val,train,train
CNC(=O)Oc1cccc(N=CN(C)C)c1,-2.34,train,train,train,train,val
CCOP(=S)(OCC)SCSc1ccc(Cl)cc1,-5.74,val,train,train,train,train
CNC(=O)Oc1ccc(N(C)C)c(C)c1,-2.36,train,train,train,val,train
C1C(C)(C)CC(=O)C=C1OC(=O)N(C)C,-0.85,train,train,train,train,val
CCOP(=S)(OCC)Oc1ccc(cc1)S(C)=O,-2.3,train,train,train,val,train
CN(C)C(=O)Oc1nc(nc(C)c1C)N(C)C,-1.95,train,train,train,val,train
Cc1c(CCCC)c(O)nc(N(C)C)n1,-2.24,train,train,val,train,train
CCSC(=O)N(CC)C1CCCCC1,-3.4,train,train,val,train,train
O=C(OC)CCCCCCCCC,-4.63,train,train,val,train,train
O=C(N(CC(C)C)CC(C)C)SCC,-3.68,train,train,val,train,train
O=C(O)CCCCCCCCCCN,-2.7,train,val,train,train,train
O(c(c(O)cc(c1)Cl)c1)c(c(cc(c2)Cl)Cl)c2,-4.46,train,train,train,train,val
O=C1C=Cc2cc3ccoc3c(OC)c2O1,-3.66,train,val,train,train,train
c1c(C(F)(F)F)cccc1N2C(=O)C(Cl)=C(NC)C=N2,-4.04,train,val,train,train,train
O=NN(c(cccc1)c1)c(cccc2)c2,-3.75,val,train,train,train,train
Cc1occc1C(=O)Nc2ccccc2,-3.3,train,train,val,train,train
O=S(=O)(c(ccc(N)c1)c1)c(ccc(N)c2)c2,-2.82,train,train,train,train,val
CC(C#C)N(C)C(=O)Nc1ccc(Cl)cc1,-3.9,train,train,train,train,val
c1cc(N)ccc1S(=O)(=O)Nc2nc(C)nc(C)c2,-2.24,train,val,train,train,train
CCNC(=O)C(C)OC(=O)Nc1ccccc1,-1.83,train,train,train,val,train
c1cc(N)ccc1S(=O)(=O)Nc2nnc(C(C)(C)C)s2,-3.74,train,val,train,train,train
O=C(OCCC(C)C)c(c(O)ccc1)c1,-3.16,train,train,val,train,train
O=C(NCCCC)NS(=O)(=O)c(ccc(c1)C)c1,-3.39,train,train,train,val,train
N(CCCC)(CCCC)CCCC,-3.12,val,train,train,train,train
Clc1cc(N(=O)(=O))ccc1NC(=O)c2cc(Cl)ccc2O,-4.7,train,train,val,train,train
OC(=O)c1cccnc1Nc2cc(C(F)(F)F)ccc2,-4.17,train,train,train,val,train
c1ccc2c(c1)cnc3ccccc23,-2.78,train,train,val,train,train
O=C(Nc(cccc1)c1)Nc(cccc2)c2,-3.15,train,train,val,train,train
CC1=C(CCCO1)C(=O)Nc2ccccc2,-2.56,val,train,train,train,train
CN(C)C(=O)Oc1cc(C)nn1c2ccccc2,-2.09,train,val,train,train,train
c1cc(N)ccc1S(=O)(=O)N(C(=O)C)c2onc(C)c2C,-3.59,val,train,train,train,train
CC(=O)Oc1c(N(=O)(=O))c(C)c(N(=O)(=O))cc1C(C)(C)C,-4.47,train,train,train,val,train
CCOC2Oc1ccc(OS(C)(=O)=O)cc1C2(C)C,-3.42,train,val,train,train,train
c1cc(CC(C)C)ccc1C(C)C(=O)NO,-3.04,train,train,train,train,val
c1c(CO)c(O)ccc1C(O)CNC(C)(C)C,-1.22,train,train,val,train,train
O=C(OC)CCCCCCCCCCC,-4.69,train,train,train,val,train
ClC(=C(c1ccccc1Cl)c2ccc(cc2)Cl)Cl,-6.36,train,val,train,train,train
O=C(c(c(C(=O)c1c(O)c(O)cc2)ccc3)c3)c12,-2.78,train,train,val,train,train
O=C(NC(=O)c(c(F)ccc1)c1F)Nc(ccc(c2)Cl)c2,-6.02,val,train,train,train,train
c1ccc2C(=O)N=C(c3ccccc3)Oc2c1,-4.61,train,train,val,train,train
ClC(Cl)C(c1ccc(Cl)cc1)c2ccccc2Cl,-6.51,train,train,train,val,train
OC(=O)c1ccccc1Nc2cc(C(F)(F)F)ccc2,-4.36,train,train,val,train,train
c1ccc2cc3ccccc3c(O)c2c1,-4.73,train,train,val,train,train
Oc1ccc2Oc3cc(OC)cc(O)c3C(=O)c2c1,-2.93,train,val,train,train,train
c1ccccc1C(=O)NC(=O)c2ccccc2,-2.27,train,val,train,train,train
Cc1cc(ccc1NS(=O)(=O)C(F)(F)F)S(=O)(=O)c2ccccc2,-3.8,train,train,val,train,train
N(c(c(S1)cc(c2)C)c2)=C1c(ccc(N)c3)c3,-3.68,train,val,train,train,train
CC1=CC(=O)c2c(OC)c3ccoc3c(OC)c2O1,-2.4,train,train,train,val,train
n(c(c(c(c1)C)ccc2c(ccn3)C)c23)c1,-3.97,train,train,train,train,val
OC(c(cccc1)c1)Cc(cccc2)c2,-2.52,train,train,train,train,val
c1ccccc1C(O)C(O)c2ccccc2,-1.93,train,train,val,train,train
S=P(OCC)(OCC)Oc1ccc2C(C)=C(Cl)C(=O)Oc2c1,-5.38,train,train,val,train,train
c1ccc2C(=O)N(C(CCl)SP(=S)(OCC)OCC)C(=O)c2c1,-6.34,val,train,train,train,train
O=C1NC(=O)NC(=O)C1(CC)C2=CC(C3)CCC3C2,-2.64,val,train,train,train,train
COc2ccc(CC1NCC(O)C1OC(C)=O)cc2,-1.61,train,train,val,train,train
CC1CCCCC1NC(=O)Nc2ccccc2,-4.11,train,train,val,train,train
CN(C)C(=O)Nc1cccc(OC(=O)NC(C)(C)C)c1,-2.93,val,train,train,train,train
CC(C)OP(=S)(OC(C)C)SCCNS(=O)(=O)c1ccccc1,-4.2,val,train,train,train,train
C(O)CCCCCCCCCCCCC,-6.05,train,val,train,train,train
c1ccc2c3ccc(Cl)cc3C(O)(C(=O)O)c2c1,-4.18,train,val,train,train,train
NC(Cc2cc(I)c(Oc1ccc(O)c(I)c1)c(I)c2)C(O)=O,-5.22,train,train,val,train,train
c1ccc2Sc3ccc(CC(=O)O)cc3N(C)c2c1,-3.94,train,val,train,train,train
CN2C(=C(O)c1ccccc1S2(=O)=O)C(=O)Nc3ccccn3,-4.16,train,train,train,val,train
c1c(S(=O)(=O)N)c(Cl)cc(O)c1C(=O)Nc2c(C)cccc2C,-3.79,train,train,val,train,train
OC(=O)c1ccccc1Nc2c(C)c(C)ccc2,-3.78,train,train,val,train,train
COc1ccc(cc1)C(O)(C2CC2)c3cncnc3,-2.6,train,val,train,train,train
COc1ccc2C=CC(=O)Oc2c1CC=C(C)C,-4.31,train,train,train,val,train
O=C(OC(C(C(C=CC1=O)(CC2)C)=C1C)C23)C3C,-3.09,train,val,train,train,train
O=C(NC(CCCC1)C1)NS(=O)(=O)c(ccc(c2)C(=O)C)c2,-2.06,train,train,val,train,train
CCOC(=O)C1(CCN(C)CC1)c2ccccc2,-1.89,val,train,train,train,train
COCC(=O)N(C(C)C(=O)OC)c1c(C)cccc1C,-1.6,train,val,train,train,train
O=C(Nc(c(ccc1)C)c1C)C(N(CCC2)C)C2,-1.55,train,train,train,train,val
c1cc(OCC)ccc1C(=O)OCCN(CC)CC,-2.71,train,train,val,train,train
C1CCN2CC(C3)C4CCCCN4CC3C2C1,-1.89,train,train,val,train,train
O=C(O)CCCCCCCCCCCCCC,-4.31,train,train,train,train,val
CC2Nc1cc(Cl)c(cc1C(=O)N2c3ccccc3C)S(N)(=O)=O,-3.78,train,train,train,train,val
COc2ccc(Oc1ccc(NC(=O)N(C)C)cc1)cc2,-4.16,train,train,train,train,val
c1c(C(C)(C)C)cc(C(C)(C)C)cc1OC(=O)NC,-4.24,train,train,train,train,val
OCCCCCCCCCCCCCCCC,-7.26,train,val,train,train,train
C(O)(c1ccc(Br)cc1)(c2ccc(Br)cc2)C(=O)OC(C)C,-4.93,train,train,train,train,val
CC(C)OC(=O)C(O)(c1ccc(Cl)cc1)c2ccc(Cl)cc2,-4.53,train,train,train,train,val
CN(C)CCCN2c1ccccc1Sc3ccc(C(F)(F)F)cc23,-5.3,train,train,train,val,train
O=C(N(CCCC1)C1)C=CC=Cc(ccc(OCO2)c23)c3,-3.46,train,val,train,train,train
CCN(CC)C(=O)C(C)Oc1cccc2ccccc12,-3.57,val,train,train,train,train
CN1C2CC(CC1C3OC23)OC(=O)C(CO)c4ccccc4,-0.48,train,train,val,train,train
O=C(OC(CC(N(C1C2)C)C2)C1)C(c(cccc3)c3)CO,-1.91,val,train,train,train,train
CCCCOCN(C(=O)CCl)c1c(CC)cccc1CC,-4.19,train,train,val,train,train
c1c(O)cc2ccc3C4CCC(=O)C4(C)CCc3c2c1,-5.24,train,train,val,train,train
c1c(O)cc2CC=C3C4CCC(=O)C4(C)CCC3c2c1,-5.28,train,train,train,val,train
c1c(OC)c(O)c2C3(C4)CC(=O)C=CC3C(N(C)C4)Cc2c1,-1.87,val,train,train,train,train
CNCCCN2c1ccccc1CCc3ccccc23,-3.66,train,train,train,val,train
c1c(O)cc2CCC3C4CCC(O)C4(C)CCC3c2c1,-4.84,val,train,train,train,train
O[Sn](C1CCCCC1)(C2CCCCC2)C3CCCCC3,-5.59,train,train,train,train,val
O=C(O)CCCCCCCCCCCCCCCCC,-5.68,train,train,train,val,train
c1ccc2C(O)=C(C(c3ccccc3)CC(=O)C)C(=O)Oc2c1,-3.89,train,val,train,train,train
CC(=O)CCC1C(=O)N(c2ccccc2)N(c3ccccc3)C1=O,-3.27,train,train,train,train,val
OC(c(c(c(nc1)ccc2)c2)c1)C(N(CCC3C4C=C)C4)C3,-3.07,val,train,train,train,train
c1ccc2Sc3ccccc3N(CC4CN(C)CCC4)c2c1,-4.74,val,train,train,train,train
CN(C=Nc1ccc(C)cc1C)C=Nc2ccc(C)cc2C,-5.47,train,train,val,train,train
c1ccc2Sc3ccc(OC)cc3N(CC(C)CN(C)C)c2c1,-4.22,train,train,train,val,train
C1C(=O)C=C2CCC3C4CCC(=O)C4(C)CC(=O)C3C2(C)C1,-3.48,train,train,train,val,train
C1C(O)CC2=CCC3C4CCC(=O)C4(C)CCC3C2(C)C1,-4.12,train,train,train,train,val
O=C1C2(C(C3CCC4C(C3CC2)(C)CCCC4)CC1)C,-6.7,train,train,train,val,train
C1C(O)CC2CCC3C4CCC(=O)C4(C)CCC3C2(C)C1,-4.4,train,val,train,train,train
C1C(O)CC2CCC3C4CCC(=O)C4(C)CC(O)C3C2(C)C1,-3.59,train,val,train,train,train
COC(C)(C)CCCC(C)CC=CC(C)=CC(=O)OC(C)C,-5.19,val,train,train,train,train
CN(C)CCC=C2c1ccccc1CCc3ccccc23,-4.46,val,train,train,train,train
O(c(ccc(nccc1C(O)C(N(CCC2C3C=C)C3)C2)c14)c4)C,-3.37,train,val,train,train,train
OC(C#C)(C(C(C(C(c(c(cc(O)c1)C2)c1)C3)C2)C4)(C3)C)C4,-4.3,train,train,val,train,train
c1ccc2N(C)C3C4CC5C(CC)C(O)N4C(C56)CC3(C6O)c2c1,-2.82,train,train,train,val,train
c1c(OC)cc2c(CC(=O)O)c(C)n(C(=O)C=Cc3ccccc3)c2c1,-5.54,train,train,val,train,train
CC1(C)C(C=C(Cl)Cl)C1C(=O)OCc3cccc(Oc2ccccc2)c3,-6.29,train,val,train,train,train
c1cc(O)c2C(=O)C3=C(O)C4(O)C(=O)C(C(=O)N)=C(O)C(N(C)C)C4CC3C(O)c2c1Cl,-2.52,train,train,train,val,train
c1ccc2Sc3ccc(C(#N))cc3N(CCCN4CCC(O)CC4)c2c1,-3.98,train,train,train,val,train
C1C(=O)C=C2CCC3C4CCC(C(=O)CO)C4(C5O)CC(O5)C3C2(C)C1,-3.85,train,val,train,train,train
C1C(OC(=O)C)CC2=CCC3C4CCC(=O)C4(C)CCC3C2(C)C1,-4.46,train,train,train,train,val
CC(=O)OCC(=O)C3(O)CCC4C2CCC1=CC(=O)CCC1(C)C2C(=O)CC34C,-4.0,val,train,train,train,train
C1C(O)CC2=CCC3C4CCC(C(=O)C)C4(C)CCC3C2(C)C1,-4.65,train,train,train,val,train
O=C(N)C(=C(O)C(N(C)C)C(C1(O)C(O)=C(C2C(O)(c(c3c(O)cc4)c4Cl)C)C3=O)C2)C1=O,-2.88,train,train,val,train,train
COc2ccc1C(OC(=O)c1c2OC)C4N(C)CCc5cc3OCOc3c(OC)c45,-3.14,train,train,val,train,train
CC3C2C(O)C1C(N(C)C)C(=C(C(N)=O)C(=O)C1(O)C(=C2C(=O)c4c(O)cccc34)O)O,-2.87,val,train,train,train,train
O=C(OC(C(C(C(C(C(C(=CC(=O)C1)C2)(C1)C)C3)C2)C4)(C3)C)C4)CC,-5.37,val,train,train,train,train
COc5cc4OCC3Oc2c1CC(Oc1ccc2C(=O)C3c4cc5OC)C(C)=C,-4.42,val,train,train,train,train
CC(C)=CC3C(C(=O)OCc2cccc(Oc1ccccc1)c2)C3(C)C,-5.24,train,train,train,val,train
O=C1C=C2C(Cl)=CC3C4CCC(C(=O)C)(OC(=O)C)C4(C)CCC3C2(C)C=C1,-4.95,train,train,val,train,train
CC(=O)OCCN4CCN(CCCN2c1ccccc1Sc3ccc(Cl)cc23)CC4,-4.7,train,val,train,train,train
O=C1C=C2CCC3C4CCC(O)(C(=O)COC(=O)C(C)(C)C)C4(C)CC(O)C3C2(C)C=C1,-4.58,val,train,train,train,train
O=C(NCC(=O)O)CCC(C(C(C(C(C(C(C(C1)CC(O)C2)(C2)C)C3)C1O)C4)(C3O)C)C4)C,-5.15,train,train,train,val,train
c12C(=O)C3=C(O)C4(O)C(=O)C=C(O)C(N(C)C)C4CC3C(O)(C)c1cccc2,-1.42,val,train,train,train,train
C1C(=O)C=C2CCC3C4CCC(O)(C(=O)COC(=O)CC(C)(C)C)C4(C)CC(O)C3C2(C)C1,-5.51,train,train,train,val,train
O1C(C)C(O)C(N)C(O)C1OC2C=CC=CC=CC=CCC(C)OC(=O)C=CC(O3)C3CC(O)CC4(O)OC(C(C(=O)O)C(O)C4)C2,-3.21,train,train,val,train,train
CCC(C)CC,-3.68,val,train,train,train,train
CC(C)CC(C)C,-4.26,train,train,train,train,val
CCCC=C,-2.68,val,train,train,train,train
C1CC=CCC1,-2.59,train,train,train,train,val
C=CCC=C,-2.09,train,train,train,val,train
C1=CC=CC=CC1,-2.15,train,train,train,train,val
CCCCCCC#C,-3.66,train,train,train,train,val
c1ccccc1CC,-2.77,train,train,train,val,train
c1c(C)cc(C)cc1C,-3.4,train,train,train,train,val
c(c(ccc1)CC2)(c1)C2,-3.04,train,train,train,train,val
c1ccccc1CC(C)C,-4.12,train,train,train,train,val
c1ccccc1CCCCCC,-5.21,val,train,train,train,train
c1ccccc1CCc2ccccc2,-4.62,train,train,val,train,train
c1ccc2ccccc2c1CC,-4.17,train,train,train,val,train
c1c(C)cc2ccccc2c1C,-4.29,train,train,train,train,val
c(c(ccc1)cc(c2ccc3)c3)(c1)c2,-6.35,train,train,train,val,train
Cc2c1ccccc1c(C)c3ccccc23,-6.57,val,train,train,train,train
c(c(cc(c1ccc2)c2)cc(c3ccc4)c4)(c1)c3,-8.6,train,train,train,train,val
c1ccc2ccc3c4ccccc4ccc3c2c1,-8.06,train,train,val,train,train
Nc3cc2c1ccccc1ccc2c4ccccc34,-6.2,train,train,train,val,train
c(c(ccc1C)cc(c2ccc3cccc4)c34)(c1CC5)c25,-7.92,val,train,train,train,train
BrCBr,-1.17,val,train,train,train,train
ClC(Cl)(Cl)Cl,-2.31,train,train,train,val,train
ClCCCl,-1.06,train,val,train,train,train
ClC(Cl)C(Cl)Cl,-1.74,train,val,train,train,train
CCCCl,-1.47,val,train,train,train,train
CC(I)C,-2.09,train,train,val,train,train
BrCC(Br)C,-2.15,train,train,train,train,val
BrCCCC,-2.37,val,train,train,train,train
CC(Cl)C(Cl)C,-2.7,train,train,val,train,train
BrCCC(C)C,-2.89,train,val,train,train,train
CCCCCCCCBr,-5.06,train,train,val,train,train
CCCCCCCBr,-4.43,train,val,train,train,train
BrC=CBr,-1.32,train,train,train,train,val
ClC1C=CC2C1C3(Cl)C(=C(Cl)C2(Cl)C3(Cl)Cl)Cl,-6.32,train,train,train,train,val
ClC(Cl)=C(Cl)C(Cl)=C(Cl)Cl,-4.91,train,val,train,train,train
c1ccccc1Br,-2.55,val,train,train,train,train
c1cccc(Cl)c1Br,-3.19,train,val,train,train,train
c1ccc(Br)cc1Br,-3.54,train,train,val,train,train
c1cc(Br)cc(Br)c1Br,-4.5,train,val,train,train,train
c1c(Cl)c(Cl)c(Cl)c(Cl)c1Cl,-5.65,train,train,train,train,val
c1ccc(F)cc1F,-2.0,train,train,train,train,val
c1ccccc1c2ccc(Cl)cc2,-5.2,train,train,val,train,train
c1cc(Cl)ccc1c2c(Cl)cccc2,-5.28,val,train,train,train,train
c1cccc(Cl)c1c2c(Cl)ccc(Cl)c2,-6.02,train,train,train,val,train
c1cc(Cl)c(Cl)cc1c2c(Cl)cccc2,-6.29,train,train,train,train,val
c1ccccc1c2c(Cl)c(Cl)c(Cl)c(Cl)c2,-7.16,train,train,train,val,train
c1c(Cl)ccc(Cl)c1c2c(Cl)cccc2Cl,-6.8,val,train,train,train,train
c1c(Cl)ccc(Cl)c1c2c(Cl)c(Cl)c(Cl)cc2,-7.91,train,train,train,train,val
Clc1c(Cl)c(Cl)c(Cl)c(Cl)c1c2ccccc2,-7.92,train,train,train,train,val
c1c(Cl)ccc(Cl)c1c2c(Cl)c(Cl)c(Cl)c(Cl)c2,-7.68,train,val,train,train,train
c1cc(Cl)c(Cl)c(Cl)c1c2c(Cl)c(Cl)c(Cl)cc2,-8.01,train,train,train,val,train
Clc1c(Cl)cc(Cl)c(Cl)c1c2c(Cl)c(Cl)cc(Cl)c2Cl,-9.15,val,train,train,train,train
ClC(Cl)C(c1ccc(Cl)cc1)c2ccc(Cl)cc2,-7.2,train,train,train,train,val
c(c(ccc1Br)ccc2)(c2)c1,-4.4,train,train,train,val,train
CCCC(O)C,-0.29,train,train,val,train,train
OCC(C)(C)C,-0.4,val,train,train,train,train
CC(C)C(C)CO,-0.39,train,train,train,val,train
CC(C)CCCO,-1.14,train,val,train,train,train
OC(C(C)(C)C)C,-0.62,train,val,train,train,train
OC(CCCCC)C,-1.55,train,train,train,train,val
OCC(C)CC(C)C,-1.6,train,train,train,train,val
CC(C)C(O)(C)CC,-1.22,train,train,val,train,train
CC(O)(C)C(C)(C)C,-0.72,train,train,train,val,train
CCC(C)(O)CCCC,-1.6,val,train,train,train,train
OCCCCCCCCCC,-3.63,train,train,train,train,val
OCc(ccc(c1)C)c1,-1.2,train,train,train,train,val
Oc(c(O)ccc1)c1,0.62,train,train,train,val,train
c1ccc(C)cc1O,-0.68,val,train,train,train,train
Oc(c(ccc1C)C(C)C)c1,-2.22,val,train,train,train,train
Oc(ccc(c1ccc2)c2)c1,-2.28,val,train,train,train,train
CCCC=O,-0.01,train,train,train,train,val
O=CCCCCCCCC,-3.17,train,train,train,val,train
O=CC(OC=C1)=C1,-0.1,train,train,val,train,train
O=C(CCCC1)C1,-0.6,val,train,train,train,train
O=C(CCCCCCC)C,-2.58,train,train,train,train,val
C1(=O)C=CC(=O)C=C1,-0.99,train,val,train,train,train
O=C(c(cccc1)c1)c(cccc2)c2,-3.12,train,train,train,val,train
O=C(O)CCC(=O)O,-0.2,train,train,train,val,train
CCCCCCCCCC(=O)O,-3.44,train,train,train,train,val
O=C(O)c(cccc1C)c1,-2.14,train,train,train,val,train
O=C(O)C=Cc(cccc1)c1,-2.48,train,train,train,val,train
O=C(O)Cc(c(c(ccc1)cc2)c1)c2,-2.65,val,train,train,train,train
O=C(O)C(c(cccc1)c1)c(cccc2)c2,-3.22,train,train,train,val,train
O=C(O)CCCCCCCCCCCCC,-5.33,train,train,train,train,val
O=COCC,0.15,train,val,train,train,train
O=C(OCC)CC,-0.66,train,train,train,train,val
O=C(OCC)CCC,-1.28,train,val,train,train,train
O=C(OCCC)CCC,-1.92,train,train,val,train,train
O=C(OCC)CCCCC,-2.31,train,val,train,train,train
O=C(OCC)CCCCCCCC,-3.8,train,val,train,train,train
O=C(OC)c(cccc1)c1,-1.85,val,train,train,train,train
O=C(OCCCC)c(c(ccc1)C(=O)OCCCC)c1,-4.4,train,train,train,train,val
CCOCC,-0.09,train,train,train,train,val
COC(C)(C)C,-0.24,train,val,train,train,train
CCCOC(C)C,-1.34,train,val,train,train,train
c1ccccc1OC,-1.85,train,train,train,val,train
O(C1c(cccc2)c2)C1,-1.6,train,train,train,val,train
CCCCOCCO,-0.42,train,train,train,train,val
O=C(C(O)(C(C(C(C(C(C(=CC(=O)C1)C2)(C1)C)C3O)C2)C4)(C3)C)C4)CO,-2.97,val,train,train,train,train
O=C1C=C2CCC3C4CCC(O)(C(=O)COC(=O)C)C4(C)CC(O)C3C2(C)C=C1,-4.37,train,train,train,train,val
C1C(=O)C=C2CCC3C4CCC(C(=O)CO)C4(C)CCC3C2(C)C1,-3.75,train,val,train,train,train
CC12CC(O)C3(F)C(CCC4=CC(=O)CCC43C)C2CCC1(O)C(=O)CO,-3.43,train,train,val,train,train
O=C(O)c(c(O)ccc1)c1,-1.82,train,train,val,train,train
O=C(OCC)c(ccc(O)c1)c1,-2.35,train,train,train,val,train
Oc(c(ccc1)Cl)c1,-1.06,val,train,train,train,train
Clc1cc(Cl)cc(Cl)c1O,-2.34,train,train,train,train,val
O=C(O)c(ccc(c1)Cl)c1,-3.31,train,train,val,train,train
ClC4=C(Cl)C5(Cl)C3C1CC(C2OC12)C3C4(Cl)C5(Cl)Cl,-6.29,val,train,train,train,train
CCCCCCN,-1.1,train,train,train,val,train
CCCCCCCCN,-2.75,train,val,train,train,train
c1ccccc1NC,-1.28,train,train,train,train,val
c1ccccc1N(C)C,-1.92,train,train,train,train,val
c(c(c(N)cc1)ccc2)(c2)c1,-1.92,train,train,val,train,train
c1c(C)ccc(C)n1,0.4,train,val,train,train,train
c1ccc2cnccc2c1,-1.45,train,train,train,train,val
O=C(O)c(cccn1)c1,-0.84,train,train,val,train,train
n1c(C)nc(N)cc1C,-1.28,train,train,train,val,train
N(c(c(S1)ccc2)c2)=C1S,-3.18,train,train,train,train,val
c1c(O)cc2cccnc2c1,-2.16,train,train,train,train,val
CCC1(CC)C(=O)NC(=O)N(C)C1=O,-2.23,train,val,train,train,train
O=C(OC(CC(N(C1C2)C)C2)C1)C(c(cccc3)c3)CO,-2.12,train,val,train,train,train
NS(=O)(=O)c2cc(C(O)=O)c(NCc1ccco1)cc2Cl,-3.66,val,train,train,train,train
CCC1(CCC(C)C)C(=O)NC(=O)NC1=O,-2.57,train,train,train,val,train
OCCN4CCN(CCCN2c1ccccc1Sc3ccc(Cl)cc23)CC4,-4.16,train,train,train,train,val
CC(=O)Nc1nnc(S(=O)(=O)N)s1,-2.36,train,val,train,train,train
CN1CCC=C(C(=O)OC)C1,0.81,train,train,train,val,train
C(C)(C)C1(CC)C(=O)NC(=O)NC1(=O),-2.21,train,train,val,train,train
COc2ccc(NS(=O)(=O)c1ccc(N)cc1)nn2,-3.28,val,train,train,train,train
N(C(=S)SSC(N(CC)CC)=S)(CC)CC,-4.86,train,val,train,train,train
COC1=CC(=O)CC(C)C13Oc2c(Cl)c(OC)cc(OC)c2C3=O,-4.61,train,train,train,val,train
c1cc(N)ccc1S(=O)(=O)Nc2nnc(C)s2,-2.41,train,train,val,train,train
O=C(N(c(c(C1(C(N(C2)CC(C3C4C5OC6)=C6)C3)C2)cc(OC)c7OC)c7)C14)C5,-2.09,train,train,train,val,train
Nc1ccc(cc1)S(=O)(=O)Nc2ccnn2c3ccccc3,-2.32,train,val,train,train,train
Cc1cc(NS(=O)(=O)c2ccc(N)cc2)no1,-2.62,train,val,train,train,train
c1cc(N)ccc1S(=O)(=O)Nc2nc(C)nc(OC)c2,-2.54,train,train,train,val,train
c1ccccc1NC(=O)C2=C(C)OCCS2(=O)=O,-2.43,val,train,train,train,train
O=C(c(cccc1C(C(=O)O)C)c1)c(cccc2)c2,-3.7,train,val,train,train,train
CN1C(=O)N(C)c2ncn(C)c2C1(=O),-0.97,train,train,val,train,train
CC1CC(C)C(=O)C(C1)C(O)CC2CC(=O)NC(=O)C2,-1.13,train,val,train,train,train
N(CCNC1)C1,1.07,train,val,train,train,train
O=C(NCC1=O)N1,-0.4,train,train,train,train,val
O=C1CCCN1C,1.0,val,train,train,train,train
c1cccc(N)c1O,-0.72,train,train,train,train,val
O=C(OCC)N,0.85,val,train,train,train,train
O=C(Oc(c(c(ccc1)cc2)c1)c2)NC,-3.28,train,train,train,train,val
O=C(NC)N,1.13,train,train,train,val,train
O=C(N)C=C,0.96,train,val,train,train,train
O=C(Nc(ccc(O)c1)c1)C,-1.03,train,train,val,train,train
CC(C)N(=O)=O,-0.62,train,train,train,val,train
O=N(=O)c(c(c(ccc1)cc2)c1)c2,-3.54,train,train,val,train,train
O=C(O)c(ccc(N(=O)=O)c1)c1,-2.8,train,train,train,train,val
O=N(=O)c(c(N)ccc1)c1,-1.96,train,train,train,train,val
Clc(cccc1N)c1,-1.37,train,train,train,train,val
N#Cc(c(c(c(c1C#N)Cl)Cl)Cl)c1Cl,-5.64,train,val,train,train,train
CN1C=C(c2ccccc2)C(=O)C(c3cc(C(F)(F)F)ccc3)=C1,-4.44,val,train,train,train,train
CCC(=O)Nc1ccc(Cl)c(Cl)c1,-3.0,train,val,train,train,train
CCc1cccc(CC)c1N(COC)C(=O)CCl,-3.26,train,train,train,val,train
CCS,-0.6,train,val,train,train,train
NC(=S)N,0.32,val,train,train,train,train
COC(=O)NS(=O)(=O)c1ccc(N)cc1,-1.66,train,train,train,train,val
COP(=O)(OC)C(O)C(Cl)(Cl)Cl,-0.22,train,train,train,train,val
COP(=S)(OC)Oc1ccc(SC)c(C)c1,-4.57,train,val,train,train,train
COP(=S)(OC)Oc1ccc(N(=O)=O)c(C)c1,-4.04,train,val,train,train,train
COP(=S)(OC)Oc1cc(Cl)c(I)cc1Cl,-6.62,train,train,train,train,val
C1C(O)CC2C(O)C(O)C3C4CCC(C(C)CCC(=O)O)C4(C)CCC3C2(C)C1,-4.35,val,train,train,train,train
N(CCNC1C)C1,0.74,train,val,train,train,train
O=C(Nc(ccc(c1)Cl)c1)C,-2.84,train,train,val,train,train
O=C(Nc(ccc(c1)N(=O)=O)c1)C,-2.69,train,train,val,train,train
COc2ccc1C(OC(=O)c1c2OC)C4N(C)CCc5cc3OCOc3cc45,-4.11,train,train,train,train,val
O=C3CN=C(c1ccccc1)c2cc(ccc2N3)N(=O)=O,-3.8,val,train,train,train,train
Oc(c(cc(c1)Cl)Cc(c(O)ccc2Cl)c2)c1,-3.95,train,train,train,train,val
Nc1c(Cl)c(Cl)nc(C(O)=O)c1Cl,-2.75,train,train,val,train,train
O=C(O)C(N)Cc(ccc(O)c1)c1,-2.57,train,train,train,train,val
CC(C)N(C(C)C)C(=O)SCC(Cl)=CCl,-4.08,train,train,train,train,val
O=C(OCCCC)c(ccc(O)c1)c1,-2.72,val,train,train,train,train
O=C(OCCC)c(cc(O)c(O)c1O)c1,-1.78,train,train,train,val,train
CCCCCOC(=O)c1ccc(N)cc1,-3.26,train,val,train,train,train
c(c(cccc1)c1)(ccc(c(cccc2)c2)c3)c3,-7.11,val,train,train,train,train
O=C(Nc(c(ccc1)Cl)c1)C,-1.4,train,val,train,train,train
N(C(CCC1)CC)C1,-1.5,train,val,train,train,train
O(c(ccc(c1)CC=C)c1)C,-2.92,train,train,val,train,train
Clc1c(Cl)c(Cl)c(Cl)c(O)c1OC,-4.02,train,train,val,train,train
O=C(NC(=S)S1)C1,-1.77,train,train,train,val,train
N1C(=O)N=C(N)C=C1,-1.14,train,val,train,train,train
O=C(O)C(N)CC(=O)N,-0.74,train,train,val,train,train
CCS(=O)(=O)CC,0.04,train,val,train,train,train
n1ccc(O)cc1,1.02,train,train,val,train,train
N1C(=O)NC(=O)C=C1C,-1.26,train,train,train,val,train
O(C(O)C(O)C(O)C1O)C1,0.39,train,train,train,val,train
O=S(=O)(N)c(cccc1)c1,-1.56,train,train,train,val,train
N(C(=S)SSC(N(C)C)=S)(C)C,-3.9,val,train,train,train,train
N1C(C)CNC(C)C1,0.49,train,train,train,train,val
O=C(O)c(cccc1I)c1,-3.27,train,train,val,train,train
c1cnc2c(OC)ncnc2n1,-1.11,train,train,train,val,train
c1c(SC)nc2cncnc2n1,-1.55,train,train,train,train,val
N1C(=S)NC(=O)C=C1CCC,-2.15,train,train,train,train,val
Clc1c(Cl)c(Cl)c2nccnc2c1Cl,-5.43,train,train,train,train,val
O=C(O)COc(c(cc(c1)Cl)Cl)c1,-2.51,train,train,val,train,train
O=C(OC)c(c(O)ccc1)c1,-2.34,train,val,train,train,train
O=C(O)c(c(NC)ccc1)c1,-2.88,train,train,train,train,val
c1ccccc1OCC,-2.33,train,train,val,train,train
NCCc1ccc(O)cc1,-1.12,train,train,train,train,val
CC(C)CC(=O)CC(=O)C,-1.6,train,val,train,train,train
C1C(C)C(C)CCC1,-4.27,train,train,train,train,val
OC(=O)CN1C(=O)Sc2cccc(Cl)c12,-2.61,train,val,train,train,train
OC(=O)C(Oc1cc(Cl)ccc1)C,-2.22,val,train,train,train,train
O=C(OC)c(ccc(OC)c1)c1,-2.41,train,train,train,train,val
CCOc1ccc(NC(N)=O)cc1,-2.17,train,train,val,train,train
O=C(O)CCCCCCCC,-2.75,train,val,train,train,train
c1ccccc1N2C(=O)C(Cl)=C(N)C=N2,-2.87,train,train,train,val,train
O=S(=O)(Nc(nccc1)n1)c(ccc(N)c2)c2,-3.51,train,train,train,val,train
CC(=O)Nc1ccc(OC(C)=O)cc1,-1.91,train,train,val,train,train
Oc1cc2CCCCc2cc1,-1.99,train,train,val,train,train
Oc(c(ccc1C(C)C)C)c1,-2.08,train,train,train,train,val
O=C(C(CC1C2)(C2)C)C1(C)C,-1.85,val,train,train,train,train
O=C(C(CCC1C)C(C)C)C1,-2.49,train,train,train,val,train
n(c(c(c(c1)C)ccc2)c2)c1C,-1.94,train,train,train,val,train
CCN(CC)c1c(cc(c(N)c1N(=O)=O)C(F)(F)F)N(=O)=O,-5.47,val,train,train,train,train
C1=CC(C2)C(C(=O)OC)C(C(=O)OC)C12,-1.2,val,train,train,train,train
c1ccccc1S(=O)(=O)NC(=O)NCCCC,-3.05,train,train,train,val,train
CCCCc1c(C)nc(NCC)nc1O,-3.02,val,train,train,train,train
c1ccc2C(=O)C(Cl)=C(NC(=O)C(Cl)Cl)C(=O)c2c1,-5.03,train,train,val,train,train
O=C1C=CC(c2cc(ccc2O)O)(C=C1)O,-1.73,train,val,train,train,train
Oc(c(ccc1O)CCCCCC)c1,-2.59,train,train,val,train,train
Ic1ccccc1C(=O)Nc2ccccc2,-4.21,train,val,train,train,train
CCCCN(CC)c1c(cc(cc1N(=O)=O)C(F)(F)F)N(=O)=O,-5.53,train,train,val,train,train
CCCCc1c(C)nc(NCC)nc1OS(=O)(=O)N(C)C,-4.16,train,train,train,train,val
Clc1ccc(cc1)C(c2ccccc2Cl)C(Cl)(Cl)Cl,-6.62,val,train,train,train,train
O=C(O)c(c(c(c(ccc1)C(=O)O)c1)ccc2)c2,-2.28,train,train,val,train,train
c1ccccc1C(=O)Oc2ccccc2,-2.85,val,train,train,train,train
O=C(C(C(=O)c(c1ccc2)c2)C1=O)C(C)(C)C,-4.11,val,train,train,train,train
CN(C)CCN(Cc1cccs1)c2ccccn2,-2.64,train,train,val,train,train
Oc1cc(O)c2C(=O)C(O)=C(c3ccc(O)cc3O)Oc2c1,-3.08,train,train,train,train,val
NS(=O)(=O)c3cc2c(NC(Cc1ccccc1)NS2(=O)=O)cc3C(F)(F)F,-3.59,val,train,train,train,train
CC(C)Oc1cc(c(Cl)cc1Cl)N2N=C(OC2=O)C(C)(C)C,-5.69,train,train,train,train,val
CCc1cccc(C)c1N(C(C)COC)C(=O)CCl,-2.73,train,train,train,val,train
O=C1C=C2CC3(O)COc4c(O)c(O)ccc4C3=C2C=C1O,-2.7,train,val,train,train,train
n(cc(C(O)(c(ccc(c1)Cl)c1)c(c(ccc2)Cl)c2)cn3)c3,-4.38,train,train,train,train,val
N1CCN=C1CN(c2ccccc2)Cc3ccccc3,-2.6,train,train,train,train,val
c1cc(O)ccc1C(C=C)C(C=C)c2ccc(O)cc2,-4.95,train,train,val,train,train
c1cc(O)ccc1C(CC)C(CC)c2ccc(O)cc2,-4.43,train,train,train,val,train
c12ccccc1nccc2C(O)C3N(C4)CCC(C4CC)C3,-2.63,train,train,val,train,train
C1(S5)C5CC2CCC3C4CCC(O)C4(C)CCC3C2(C)C1,-5.41,train,train,val,train,train
CN4CCN(CCCN2c1ccccc1Sc3ccc(Cl)cc23)CC4,-4.4,train,train,train,val,train
O=C(O)C(C(C(C(C(=C1)C=C(C2)C(C)C)C2)(CC3)C)C1)(C3)C,-3.8,val,train,train,train,train
C1C(=O)C=C2CCC3C4CCC(O)(C#C)C4(C)CCC3C2(C)C1,-5.66,train,val,train,train,train
c1ccc2OC(=O)C(C(C(=O)OCC)C3=C(O)c4ccccc4OC3=O)=C(O)c2c1,-3.66,train,train,train,val,train
NCCC(O)C(=O)NC2CC(N)C(OC1OC(CN)C(O)C(O)C1O)C(O)C2OC3OC(CO)C(O)C(N)C3O,-0.5,train,val,train,train,train
c1c(Cl)ccc(OC)c1C(=O)NCCc2ccc(S(=O)(=O)NC(=O)NC3CCCCC3)cc2,-5.09,train,train,train,train,val
C1C(O)CC2=CCC3C4CC5OC6(OCC(C)CC6)C(C)C5C4(C)CCC3C2(C)C1,-7.32,train,train,train,val,train
Clc1ccc(Cl)c(c1)c2cc(Cl)c(Cl)cc2Cl,-7.89,train,train,train,val,train
O=C(OCC)c(ccc(N)c1)c1,-2.32,train,train,train,train,val
O=C(Oc(c(ccc1)C(=O)O)c1)C,-1.72,train,train,val,train,train
c1ccccc1N2C(=O)C=C(C)N2C,-0.56,train,train,train,val,train
n(c(nc(n1)NC(C)C)NCC)c1Cl,-3.85,train,train,val,train,train
CCC1(C(=O)NC(=O)NC1=O)c2ccccc2,-2.34,val,train,train,train,train
O=C(N(C)C)Nc(ccc(c1Cl)Cl)c1,-3.8,train,train,val,train,train
O=C(N(N=CC(OC(N(=O)=O)=C1)=C1)CC2=O)N2,-3.47,val,train,train,train,train
O=C1NC(=O)C(N1)(c2ccccc2)c3ccccc3,-3.99,train,train,train,train,val
O=C(N(c(c(cc(c1)Cl)C(=N2)c(cccc3)c3)c1)C)C2,-3.76,train,val,train,train,train
C1C(=O)C=C2CCC3C4CCC(O)C4(C)CCC3C2(C)C1,-4.09,val,train,train,train,train
C(C(C(C(C1Cl)Cl)Cl)Cl)(C1Cl)Cl,-4.6,train,val,train,train,train
CCOP(=S)(OCC)Oc1ccc(cc1)N(=O)=O,-4.66,train,train,train,val,train
O(P(OCC)(Oc(nc(nc1C)C(C)C)c1)=S)CC,-3.64,val,train,train,train,train
O=C(OC(c1cccc2)(c(ccc(O)c3)c3)c(ccc(O)c4)c4)c12,-2.9,train,train,val,train,train
CCOC(=O)CC(SP(=S)(OC)OC)C(=O)OCC,-3.37,train,train,train,val,train
CCOP(=S)(OCC)Oc1nc(Cl)c(Cl)cc1Cl,-5.49,val,train,train,train,train
CCCCCC(O)C=CC1C(O)CC(=O)C1CC=CCCCC(=O)O,-2.47,val,train,train,train,train
c(ccc(c1)Cl)(c1)C(c(ccc(c2)Cl)c2)C(Cl)(Cl)Cl,-7.15,train,train,train,val,train
ClC1CC2C(C1Cl)C3(Cl)C(=C(Cl)C2(Cl)C3(Cl)Cl)Cl,-6.86,train,train,val,train,train
